EquipmentID,Type,SiteID,CheckInDate,CheckOutDate,ExpectedReturnDate,EngineHoursPerDay,IdleHoursPerDay,RentalDays,LastOperatorID
EQX1001,Excavator,S002,2024-01-20,2024-01-25,2024-01-27,6.3,1.9,5,OP130
EQX1001,Excavator,S013,2024-03-08,2024-03-21,2024-03-17,9.9,2.6,13,OP110
EQX1001,Excavator,S004,2024-04-05,2024-05-02,2024-05-03,5.6,2.8,27,OP122
EQX1001,Excavator,S008,2024-05-24,2024-07-02,2024-07-02,5.6,2.8,39,OP113
EQX1001,Excavator,S005,2024-08-28,2024-09-03,2024-09-04,5.3,2.9,6,OP103
EQX1001,Excavator,S008,2024-09-16,2024-10-20,2024-10-22,5.6,1.1,34,OP105
EQX1001,Excavator,S006,2024-10-31,2024-12-01,2024-12-02,10.0,0.8,31,OP108
EQX1001,Excavator,,2025-02-21,2025-03-21,2025-03-22,9.8,2.7,28,
EQX1001,Excavator,,2025-03-27,2025-05-03,2025-05-05,5.8,0.9,37,
EQX1001,Excavator,S014,2025-06-17,2025-06-27,2025-06-28,7.0,1.0,10,OP121
EQX1001,Excavator,S015,2025-09-16,2025-10-11,2025-10-11,9.3,2.6,25,OP112
EQX1001,Excavator,S014,2025-10-15,2025-11-02,2025-10-25,9.9,1.8,18,OP103
EQX1001,Excavator,S014,2025-11-26,2026-01-03,2026-01-05,6.5,1.0,38,OP120
EQX1001,Excavator,S011,2026-01-28,2026-02-19,2026-02-21,6.6,1.8,22,OP112
EQX1001,Excavator,S010,2026-03-01,2026-03-07,2026-03-07,4.0,2.3,6,OP108
EQX1001,Excavator,S008,2026-04-18,2026-05-23,2026-05-25,7.2,2.3,35,OP107
EQX1001,Excavator,S002,2026-06-13,2026-07-18,2026-07-18,8.0,1.4,35,OP104
EQX1002,Crane,S004,2024-02-21,2024-03-24,2024-03-24,4.0,2.1,32,OP107
EQX1002,Crane,,2024-04-04,2024-04-13,2024-04-15,6.3,2.4,9,
EQX1002,Crane,S008,2024-04-18,2024-05-09,2024-05-10,7.3,3.7,21,OP107
EQX1002,Crane,S013,2024-07-04,2024-08-05,2024-08-07,6.3,2.2,32,OP118
EQX1002,Crane,S001,2024-09-11,2024-09-21,2024-09-21,5.4,3.7,10,OP119
EQX1002,Crane,S014,2024-10-07,2024-10-16,2024-10-18,5.0,3.8,9,OP108
EQX1002,Crane,S010,2024-11-06,2024-11-16,2024-11-18,4.6,1.4,10,OP117
EQX1002,Crane,S005,2024-11-29,2024-12-29,2024-12-31,4.6,3.1,30,OP115
EQX1002,Crane,S006,2025-03-22,2025-04-20,2025-04-20,3.8,3.4,29,OP110
EQX1002,Crane,S005,2025-06-16,2025-06-21,2025-06-23,6.3,3.8,5,OP130
EQX1002,Crane,S011,2025-08-17,2025-09-06,2025-09-06,7.3,2.3,20,OP121
EQX1002,Crane,S001,2025-09-10,2025-10-14,2025-10-14,6.9,2.7,34,OP111
EQX1002,Crane,S002,2025-10-31,2025-12-04,2025-12-04,1.3,10.2,34,OP129
EQX1002,Crane,S015,2025-12-20,2026-01-15,2026-01-15,4.1,1.4,26,OP112
EQX1002,Crane,S015,2026-04-01,2026-04-23,2026-04-23,3.1,3.1,22,OP114
EQX1002,Crane,S002,2026-05-09,2026-05-29,2026-05-31,7.4,3.5,20,OP113
EQX1002,Crane,S004,2026-06-15,2026-07-04,2026-07-06,4.6,3.5,19,OP113
EQX1003,Bulldozer,S003,2024-03-10,2024-04-19,2024-04-14,10.8,1.0,40,OP119
EQX1003,Bulldozer,S009,2024-05-05,2024-06-02,2024-06-04,7.3,1.7,28,OP104
EQX1003,Bulldozer,S011,2024-06-27,2024-07-16,2024-07-18,10.6,2.0,19,OP124
EQX1003,Bulldozer,S006,2024-08-01,2024-08-25,2024-08-27,10.1,1.9,24,OP122
EQX1003,Bulldozer,S009,2024-09-06,2024-09-20,2024-09-21,6.2,1.8,14,OP105
EQX1003,Bulldozer,S005,2024-09-28,2024-10-12,2024-10-12,6.3,2.1,14,OP110
EQX1003,Bulldozer,S008,2024-10-25,2024-11-11,2024-11-13,10.4,2.1,17,OP126
EQX1003,Bulldozer,S002,2024-11-16,2024-12-11,2024-12-12,10.7,1.0,25,OP127
EQX1003,Bulldozer,S010,2024-12-20,2024-12-25,2024-12-26,9.6,1.4,5,OP128
EQX1003,Bulldozer,S004,2025-01-15,2025-02-10,2025-02-11,8.9,0.5,26,OP105
EQX1003,Bulldozer,S001,2025-03-05,2025-04-08,2025-04-09,6.5,2.2,34,OP118
EQX1003,Bulldozer,S010,2025-04-25,2025-05-16,2025-05-17,9.3,1.5,21,OP127
EQX1003,Bulldozer,S008,2025-06-05,2025-06-14,2025-06-15,9.5,2.2,9,OP109
EQX1003,Bulldozer,S012,2025-07-03,2025-07-15,2025-07-15,6.4,1.2,12,OP110
EQX1003,Bulldozer,S012,2025-07-20,2025-08-01,2025-08-01,5.4,1.3,12,OP107
EQX1003,Bulldozer,S012,2025-08-17,2025-09-15,2025-09-17,10.1,2.0,29,OP101
EQX1003,Bulldozer,S009,2025-10-07,2025-11-07,2025-11-08,9.4,2.1,31,OP124
EQX1003,Bulldozer,S006,2025-11-25,2025-12-12,2025-12-13,9.1,1.3,17,OP122
EQX1003,Bulldozer,S011,2026-03-30,2026-03-30,2026-03-07,5.8,1.4,23,OP114
EQX1003,Bulldozer,S005,2026-04-14,2026-05-02,2026-05-03,10.7,1.3,18,OP125
EQX1003,Bulldozer,S004,2026-05-20,2026-06-17,2026-06-11,0.9,8.2,28,OP121
EQX1003,Bulldozer,S002,2026-06-20,2026-06-30,2026-07-02,10.7,1.4,10,OP119
EQX1003,Bulldozer,S012,2026-07-14,,2026-08-07,9.7,0.8,24,OP104
EQX1004,Grader,S012,2024-03-09,2024-04-02,2024-04-04,6.8,0.8,24,OP127
EQX1004,Grader,S013,2024-04-26,2024-05-01,2024-05-03,5.1,1.6,5,OP102
EQX1004,Grader,S002,2024-05-20,2024-05-23,2024-05-24,8.8,2.1,3,OP114
EQX1004,Grader,S005,2024-06-17,2024-06-24,2024-06-26,7.8,1.8,7,OP120
EQX1004,Grader,S005,2024-08-07,2024-08-18,2024-08-18,5.7,2.4,11,OP129
EQX1004,Grader,S003,2024-09-11,2024-09-14,2024-09-15,4.3,2.5,3,OP116
EQX1004,Grader,S004,2024-10-06,2024-10-16,2024-10-18,4.4,1.5,10,OP103
EQX1004,Grader,S013,2024-10-26,2024-11-18,2024-11-19,3.6,1.1,23,OP101
EQX1004,Grader,S006,2024-11-30,2024-12-13,2024-12-15,9.0,1.9,13,OP114
EQX1004,Grader,S004,2024-12-30,2025-01-09,2025-01-11,3.7,1.8,10,OP111
EQX1004,Grader,S010,2025-01-17,2025-02-11,2025-02-13,6.1,1.2,25,OP125
EQX1004,Grader,S012,2025-03-07,2025-03-07,2025-02-20,3.8,0.6,15,OP118
EQX1004,Grader,S002,2025-03-19,2025-03-26,2025-03-27,3.1,1.2,7,OP128
EQX1004,Grader,S002,2025-04-08,2025-04-12,2025-04-13,3.4,1.7,4,OP127
EQX1004,Grader,S002,2025-05-06,2025-05-13,2025-05-14,3.7,2.4,7,OP108
EQX1004,Grader,S005,2025-06-04,2025-06-23,2025-06-24,6.5,1.6,19,OP128
EQX1004,Grader,S011,2025-06-27,2025-07-28,2025-07-24,4.6,0.7,31,OP107
EQX1004,Grader,S010,2025-08-17,2025-08-19,2025-08-21,4.7,1.1,2,OP116
EQX1004,Grader,S010,2025-09-25,2025-10-05,2025-10-07,7.8,1.0,10,OP122
EQX1004,Grader,S001,2025-10-15,2025-10-27,2025-10-27,7.8,2.0,12,OP106
EQX1004,Grader,S007,2025-11-08,2025-11-24,2025-11-26,6.0,1.7,16,OP109
EQX1004,Grader,S011,2025-12-31,2026-01-16,2026-01-12,0.0,2.0,16,OP127
EQX1004,Grader,S011,2026-03-09,2026-04-04,2026-04-06,8.5,1.0,26,OP115
EQX1004,Grader,S006,2026-04-27,2026-05-02,2026-05-03,7.0,2.6,5,OP111
EQX1004,Grader,S001,2026-05-27,2026-06-19,2026-06-21,3.5,1.1,23,OP115
EQX1005,Excavator,S011,2024-02-08,2024-03-06,2024-03-07,8.6,1.0,27,OP115
EQX1005,Excavator,S010,2024-03-18,2024-04-21,2024-04-23,5.4,0.9,34,OP126
EQX1005,Excavator,S008,2024-05-11,2024-05-30,2024-05-30,7.9,0.9,19,OP104
EQX1005,Excavator,S008,2024-06-11,2024-07-02,2024-07-03,6.7,0.9,21,OP108
EQX1005,Excavator,,2024-08-31,2024-09-08,2024-09-09,8.7,1.2,8,
EQX1005,Excavator,S014,2024-12-27,2025-02-03,2025-02-04,9.9,1.1,38,OP107
EQX1005,Excavator,S007,2025-02-19,2025-03-25,2025-03-26,8.8,2.1,34,OP122
EQX1005,Excavator,S002,2025-03-29,2025-04-23,2025-04-24,9.5,0.5,25,OP117
EQX1005,Excavator,S007,2025-05-28,2025-06-16,2025-06-18,4.5,1.3,19,OP121
EQX1005,Excavator,S014,2025-07-06,2025-07-30,2025-07-31,4.2,0.7,24,OP118
EQX1005,Excavator,S014,2025-09-13,2025-09-22,2025-09-24,6.7,2.2,9,OP104
EQX1005,Excavator,S007,2025-09-26,2025-10-03,2025-10-04,5.5,1.5,7,OP105
EQX1005,Excavator,S010,2025-10-11,2025-10-20,2025-10-21,5.4,2.8,9,OP122
EQX1005,Excavator,S015,2025-11-06,2025-12-10,2025-12-10,6.8,1.2,34,OP126
EQX1005,Excavator,S010,2026-05-04,2026-05-23,2026-05-24,10.0,1.2,19,OP110
EQX1005,Excavator,S013,2026-06-16,2026-06-19,2026-06-21,9.8,2.8,3,OP124
EQX1006,Crane,S011,2024-03-06,2024-03-19,2024-03-21,4.5,2.0,13,OP102
EQX1006,Crane,S003,2024-03-26,2024-04-19,2024-04-20,3.7,2.4,24,OP107
EQX1006,Crane,S015,2024-05-08,2024-05-31,2024-06-01,7.7,3.9,23,OP127
EQX1006,Crane,S006,2024-09-09,2024-10-09,2024-10-11,7.0,0.5,30,OP103
EQX1006,Crane,S006,2024-10-26,2024-11-16,2024-11-18,6.4,2.2,21,OP104
EQX1006,Crane,S014,2024-12-06,2024-12-25,2024-12-27,7.5,1.6,19,OP115
EQX1006,Crane,S002,2025-01-01,2025-01-09,2025-01-10,4.2,2.4,8,OP104
EQX1006,Crane,S002,2025-03-24,2025-04-07,2025-04-09,5.4,1.9,14,OP127
EQX1006,Crane,S014,2025-04-11,2025-05-01,2025-05-01,3.5,2.9,20,OP112
EQX1006,Crane,S014,2025-05-24,2025-06-25,2025-06-25,5.3,2.8,32,OP127
EQX1006,Crane,S004,2025-09-18,2025-09-27,2025-09-29,4.1,3.5,9,OP119
EQX1006,Crane,S003,2025-10-04,2025-11-21,2025-11-18,4.3,1.1,48,OP118
EQX1006,Crane,S010,2025-11-24,2025-12-23,2025-12-23,3.1,1.4,29,OP111
EQX1006,Crane,S010,2026-02-10,2026-03-15,2026-03-17,5.3,1.3,33,OP104
EQX1006,Crane,S001,2026-04-08,2026-05-14,2026-05-14,7.2,2.0,36,OP116
EQX1007,Bulldozer,S006,2024-01-05,2024-01-28,2024-01-30,11.0,1.6,23,OP113
EQX1007,Bulldozer,S011,2024-02-19,2024-03-18,2024-03-20,9.6,1.9,28,OP129
EQX1007,Bulldozer,S007,2024-04-04,2024-04-21,2024-04-22,9.4,1.1,17,OP114
EQX1007,Bulldozer,S002,2024-05-02,2024-05-10,2024-05-11,10.0,0.7,8,OP103
EQX1007,Bulldozer,S009,2024-05-24,2024-06-24,2024-06-15,9.0,1.3,31,OP111
EQX1007,Bulldozer,S002,2024-08-12,2024-08-25,2024-08-26,8.0,0.8,13,OP119
EQX1007,Bulldozer,S010,2024-08-31,2024-09-21,2024-09-22,9.8,2.2,21,OP108
EQX1007,Bulldozer,S015,2024-10-13,2024-11-05,2024-11-07,10.0,1.0,23,OP122
EQX1007,Bulldozer,S010,2025-01-08,2025-01-13,2025-01-13,7.4,0.8,5,OP122
EQX1007,Bulldozer,S008,2025-01-16,2025-02-05,2025-02-06,5.9,1.1,20,OP111
EQX1007,Bulldozer,S011,2025-04-05,2025-04-15,2025-04-15,6.6,1.8,10,OP103
EQX1007,Bulldozer,S006,2025-05-02,2025-05-13,2025-05-13,5.7,1.9,11,OP114
EQX1007,Bulldozer,S001,2025-06-01,2025-06-05,2025-06-07,6.2,2.4,4,OP101
EQX1007,Bulldozer,S003,2025-06-16,2025-07-01,2025-06-24,7.3,1.9,15,OP105
EQX1007,Bulldozer,S008,2025-08-06,2025-09-04,2025-09-03,5.5,1.1,29,OP130
EQX1007,Bulldozer,S001,2025-09-19,2025-10-06,2025-10-07,6.0,2.4,17,OP111
EQX1007,Bulldozer,S007,2025-11-12,2025-11-18,2025-11-20,5.5,2.2,6,OP117
EQX1007,Bulldozer,S009,2025-11-28,2025-12-10,2025-12-08,6.2,2.1,12,OP117
EQX1007,Bulldozer,S003,2026-01-19,2026-01-30,2026-02-01,9.6,0.7,11,OP125
EQX1007,Bulldozer,S011,2026-03-28,2026-04-18,2026-04-20,10.9,1.1,21,OP121
EQX1007,Bulldozer,S005,2026-05-01,2026-05-06,2026-05-08,6.6,0.6,5,OP126
EQX1007,Bulldozer,S002,2026-05-18,2026-05-29,2026-05-24,10.2,2.2,11,OP121
EQX1007,Bulldozer,S015,2026-06-17,2026-07-08,2026-07-10,7.7,2.1,21,OP102
EQX1008,Grader,S002,2024-02-27,2024-03-26,2024-03-28,6.9,0.6,28,OP117
EQX1008,Grader,S015,2024-04-12,2024-05-04,2024-05-05,5.3,2.4,22,OP110
EQX1008,Grader,S002,2024-05-08,2024-05-31,2024-06-01,7.1,1.2,23,OP118
EQX1008,Grader,S005,2024-08-12,2024-09-05,2024-09-06,7.2,1.5,24,OP121
EQX1008,Grader,S014,2024-09-10,2024-09-25,2024-09-26,7.0,2.6,15,OP105
EQX1008,Grader,S006,2024-10-31,2024-11-17,2024-11-17,4.1,1.0,17,OP110
EQX1008,Grader,S014,2024-12-05,2024-12-12,2024-12-13,3.6,2.4,7,OP126
EQX1008,Grader,S003,2024-12-31,2025-01-12,2025-01-14,5.3,0.9,12,OP120
EQX1008,Grader,S010,2025-03-01,2025-03-25,2025-03-26,7.5,2.5,24,OP110
EQX1008,Grader,S006,2025-04-04,2025-05-03,2025-05-03,8.7,3.0,29,OP122
EQX1008,Grader,S014,2025-05-15,2025-06-04,2025-06-04,7.8,0.8,20,OP107
EQX1008,Grader,S012,2025-06-27,2025-07-12,2025-07-12,6.1,0.8,15,OP128
EQX1008,Grader,S002,2025-07-20,2025-08-08,2025-08-09,4.3,1.6,19,OP130
EQX1008,Grader,S007,2025-08-11,2025-08-27,2025-08-27,5.2,0.6,16,OP103
EQX1008,Grader,S005,2025-09-21,2025-10-20,2025-10-20,8.0,2.2,29,OP130
EQX1008,Grader,S001,2025-11-14,2025-12-09,2025-12-07,4.3,0.9,25,OP109
EQX1008,Grader,S013,2026-01-30,2026-02-02,2026-02-04,5.7,0.8,3,OP120
EQX1008,Grader,S007,2026-03-26,2026-04-05,2026-04-06,6.7,1.1,10,OP101
EQX1008,Grader,S009,2026-04-29,2026-05-19,2026-05-19,6.0,3.0,20,OP118
EQX1008,Grader,S006,2026-06-14,2026-06-29,2026-06-29,3.4,1.1,15,OP126
EQX1009,Excavator,S014,2024-01-25,2024-01-31,2024-02-01,5.1,2.4,6,OP121
EQX1009,Excavator,S012,2024-02-25,2024-03-12,2024-03-12,9.7,0.6,16,OP125
EQX1009,Excavator,S008,2024-04-10,2024-05-15,2024-05-17,4.2,2.1,35,OP109
EQX1009,Excavator,S007,2024-05-19,2024-06-13,2024-06-14,6.4,1.6,25,OP129
EQX1009,Excavator,S007,2024-09-06,2024-09-16,2024-09-16,10.0,1.0,10,OP120
EQX1009,Excavator,S012,2024-09-22,2024-10-13,2024-10-15,5.0,1.6,21,OP114
EQX1009,Excavator,S002,2024-10-27,2024-11-28,2024-11-28,7.8,1.4,32,OP122
EQX1009,Excavator,S011,2024-12-22,2024-12-26,2024-12-28,6.6,0.8,4,OP126
EQX1009,Excavator,S010,2025-01-18,2025-02-16,2025-02-16,8.1,2.9,29,OP105
EQX1009,Excavator,S002,2025-03-19,2025-04-13,2025-04-13,8.4,1.7,25,OP101
EQX1009,Excavator,S010,2025-05-03,2025-05-24,2025-05-24,8.2,3.0,21,OP110
EQX1009,Excavator,S008,2025-05-31,2025-07-01,2025-07-03,8.9,2.9,31,OP103
EQX1009,Excavator,S015,2025-07-25,2025-08-02,2025-08-03,9.1,2.3,8,OP110
EQX1009,Excavator,S004,2025-08-25,2025-09-22,2025-09-22,0.0,2.5,28,OP126
EQX1009,Excavator,S003,2025-10-12,2025-11-13,2025-11-15,9.3,0.7,32,OP120
EQX1009,Excavator,S003,2026-01-03,2026-02-03,2026-02-03,7.9,1.6,31,OP111
EQX1009,Excavator,S013,2026-02-17,2026-03-29,2026-03-29,6.6,2.8,40,OP105
EQX1009,Excavator,S015,2026-04-04,2026-04-27,2026-04-28,5.4,2.9,23,OP123
EQX1009,Excavator,S005,2026-05-09,2026-05-28,2026-05-30,7.8,2.0,19,OP105
EQX1009,Excavator,S012,2026-06-20,2026-07-02,2026-07-04,7.6,2.6,12,OP129
EQX1009,Excavator,S007,2026-07-05,2026-07-24,2026-07-26,7.8,1.7,19,OP120
EQX1010,Crane,S012,2024-02-15,2024-03-18,2024-03-18,3.8,2.0,32,OP102
EQX1010,Crane,S012,2024-03-31,2024-04-26,2024-04-27,4.7,1.9,26,OP128
EQX1010,Crane,S005,2024-05-15,2024-06-11,2024-06-11,4.2,0.8,27,OP115
EQX1010,Crane,S012,2024-07-19,2024-08-03,2024-08-05,3.9,1.1,15,OP111
EQX1010,Crane,S007,2024-08-20,2024-09-15,2024-09-15,5.3,1.3,26,OP117
EQX1010,Crane,S011,2024-09-19,2024-10-25,2024-10-27,4.4,0.5,36,OP116
EQX1010,Crane,S005,2025-01-17,2025-02-26,2025-02-28,4.9,2.1,40,OP103
EQX1010,Crane,S007,2025-03-20,2025-04-03,2025-04-03,7.0,1.7,14,OP112
EQX1010,Crane,S001,2025-04-10,2025-05-19,2025-05-19,3.7,1.7,39,OP102
EQX1010,Crane,S006,2025-06-05,2025-07-12,2025-07-14,5.0,2.7,37,OP106
EQX1010,Crane,S010,2025-08-02,2025-09-08,2025-09-10,5.4,0.6,37,OP110
EQX1010,Crane,S011,2025-10-12,2025-10-19,2025-10-20,7.9,2.5,7,OP126
EQX1010,Crane,S010,2025-10-23,2025-11-07,2025-11-09,7.2,1.0,15,OP125
EQX1010,Crane,S006,2025-11-11,2025-11-24,2025-11-25,3.8,2.9,13,OP114
EQX1010,Crane,S006,2026-02-24,2026-03-09,2026-03-11,5.4,1.8,13,OP122
EQX1010,Crane,S004,2026-04-15,2026-05-08,2026-05-08,5.8,1.3,23,OP109
EQX1010,Crane,S006,2026-05-20,2026-06-08,2026-06-09,4.7,3.8,19,OP116
EQX1010,Crane,S007,2026-06-19,,2026-08-01,7.9,3.4,43,OP129
EQX1011,Bulldozer,S015,2024-01-10,2024-02-13,2024-02-14,8.9,2.0,34,OP115
EQX1011,Bulldozer,S002,2024-03-26,2024-03-26,2024-03-04,9.4,1.0,22,OP120
EQX1011,Bulldozer,S006,2024-04-14,2024-05-03,2024-04-26,7.8,1.9,19,OP123
EQX1011,Bulldozer,S008,2024-06-07,2024-07-10,2024-07-11,6.2,2.4,33,OP121
EQX1011,Bulldozer,S004,2024-08-02,2024-09-10,2024-08-31,1.1,13.5,39,OP118
EQX1011,Bulldozer,S015,2024-10-21,2024-10-30,2024-10-31,5.1,1.6,9,OP102
EQX1011,Bulldozer,S015,2024-11-12,2024-12-06,2024-12-07,10.1,1.4,24,OP105
EQX1011,Bulldozer,S012,2024-12-12,2025-01-08,2025-01-09,5.1,1.2,27,OP106
EQX1011,Bulldozer,,2025-04-23,2025-05-10,2025-05-08,7.9,2.4,17,
EQX1011,Bulldozer,S005,2025-05-25,2025-06-22,2025-06-23,9.3,0.5,28,OP119
EQX1011,Bulldozer,S003,2025-07-17,2025-08-17,2025-08-12,9.1,2.3,31,OP113
EQX1011,Bulldozer,S008,2025-10-17,2025-10-29,2025-10-29,7.7,2.5,12,OP105
EQX1011,Bulldozer,S014,2025-11-23,2025-12-11,2025-12-13,9.6,1.9,18,OP107
EQX1011,Bulldozer,S010,2026-02-05,2026-02-27,2026-02-27,5.9,1.2,22,OP118
EQX1011,Bulldozer,S015,2026-03-05,2026-04-01,2026-04-01,7.7,0.6,27,OP117
EQX1011,Bulldozer,S013,2026-04-17,2026-04-21,2026-04-23,9.3,1.3,4,OP110
EQX1011,Bulldozer,S002,2026-04-30,2026-05-04,2026-05-06,11.0,2.4,4,OP118
EQX1011,Bulldozer,S013,2026-05-22,2026-06-09,2026-06-09,10.9,1.8,18,OP121
EQX1011,Bulldozer,S002,2026-06-24,2026-07-27,2026-07-28,10.8,2.2,33,OP122
EQX1012,Grader,S012,2024-01-04,2024-01-25,2024-01-25,8.0,2.4,21,OP108
EQX1012,Grader,S008,2024-03-09,2024-03-25,2024-03-25,3.9,1.0,16,OP112
EQX1012,Grader,S004,2024-03-31,2024-04-25,2024-04-25,3.4,2.0,25,OP107
EQX1012,Grader,S007,2024-05-19,2024-05-24,2024-05-24,4.4,1.0,5,OP115
EQX1012,Grader,S010,2024-05-28,2024-06-08,2024-06-10,6.5,2.4,11,OP111
EQX1012,Grader,S004,2024-06-18,2024-06-24,2024-06-26,4.8,0.7,6,OP114
EQX1012,Grader,S012,2024-09-14,2024-09-29,2024-09-30,5.4,1.2,15,OP114
EQX1012,Grader,S003,2024-10-19,2024-10-28,2024-10-30,5.8,0.6,9,OP126
EQX1012,Grader,S004,2024-11-13,2024-11-20,2024-11-21,6.9,2.8,7,OP111
EQX1012,Grader,S007,2024-11-25,2024-12-24,2024-12-25,6.6,0.6,29,OP122
EQX1012,Grader,S005,2025-02-10,2025-02-19,2025-02-20,3.1,2.8,9,OP130
EQX1012,Grader,S004,2025-03-31,2025-04-09,2025-04-11,8.5,1.9,9,OP113
EQX1012,Grader,S006,2025-04-24,2025-05-17,2025-05-18,8.3,1.7,23,OP117
EQX1012,Grader,S006,2025-06-04,2025-06-17,2025-06-18,3.3,2.7,13,OP114
EQX1012,Grader,S005,2025-06-20,2025-07-11,2025-07-12,4.2,1.1,21,OP105
EQX1012,Grader,S011,2025-09-09,2025-10-07,2025-10-09,5.9,0.9,28,OP124
EQX1012,Grader,S011,2025-10-15,2025-11-03,2025-11-05,6.1,2.6,19,OP102
EQX1012,Grader,S004,2025-11-27,2025-11-29,2025-12-01,7.2,0.5,2,OP103
EQX1012,Grader,S015,2025-12-13,2026-01-04,2026-01-06,7.0,0.5,22,OP116
EQX1012,Grader,S005,2026-01-20,2026-02-07,2026-02-09,6.0,2.2,18,OP101
EQX1012,Grader,S004,2026-02-15,2026-02-22,2026-02-22,6.2,2.5,7,OP120
EQX1012,Grader,S012,2026-03-09,2026-03-25,2026-03-25,4.8,2.6,16,OP108
EQX1012,Grader,S009,2026-04-17,2026-04-22,2026-04-23,3.3,0.5,5,OP116
EQX1012,Grader,S014,2026-05-10,2026-06-01,2026-06-03,8.4,2.8,22,OP104
EQX1013,Excavator,S015,2024-01-09,2024-01-17,2024-01-18,7.4,0.6,8,OP118
EQX1013,Excavator,S014,2024-01-30,2024-02-15,2024-02-17,9.6,1.2,16,OP113
EQX1013,Excavator,S006,2024-03-07,2024-04-03,2024-04-05,8.5,0.8,27,OP113
EQX1013,Excavator,S004,2024-04-08,2024-05-12,2024-05-05,4.5,2.0,34,OP127
EQX1013,Excavator,S013,2024-06-03,2024-07-03,2024-06-28,6.9,1.4,30,OP115
EQX1013,Excavator,S005,2024-07-19,2024-08-27,2024-08-17,5.5,0.7,39,OP126
EQX1013,Excavator,S006,2024-09-11,2024-09-24,2024-09-25,4.5,2.9,13,OP104
EQX1013,Excavator,S009,2024-10-05,2024-10-14,2024-10-15,7.1,0.8,9,OP118
EQX1013,Excavator,S005,2024-11-03,2024-11-28,2024-11-28,6.3,0.7,25,OP114
EQX1013,Excavator,S002,2025-01-07,2025-01-31,2025-01-31,6.6,1.6,24,OP106
EQX1013,Excavator,S010,2025-02-05,2025-02-24,2025-02-25,5.2,0.8,19,OP120
EQX1013,Excavator,S008,2025-03-11,2025-04-08,2025-04-09,6.6,2.6,28,OP111
EQX1013,Excavator,S004,2025-04-30,2025-05-23,2025-05-25,5.9,2.9,23,OP116
EQX1013,Excavator,S006,2025-06-04,2025-07-10,2025-07-10,5.7,2.5,36,OP113
EQX1013,Excavator,S001,2025-07-31,2025-09-06,2025-09-08,6.8,2.3,37,OP124
EQX1013,Excavator,S007,2026-01-04,2026-01-23,2026-01-25,6.3,1.6,19,OP126
EQX1013,Excavator,S007,2026-02-13,2026-03-20,2026-03-22,4.2,2.9,35,OP118
EQX1013,Excavator,S011,2026-04-09,2026-04-23,2026-04-19,1.5,13.9,14,OP122
EQX1013,Excavator,S012,2026-06-20,2026-06-29,2026-07-01,7.3,2.2,9,OP117
EQX1013,Excavator,S001,2026-07-13,,2026-08-19,4.6,1.5,37,OP116
EQX1014,Crane,S009,2024-02-10,2024-03-09,2024-03-09,4.7,0.8,28,OP116
EQX1014,Crane,S001,2024-03-26,2024-04-23,2024-04-21,4.7,0.9,28,OP128
EQX1014,Crane,S007,2024-05-03,2024-06-12,2024-06-14,4.2,1.9,40,OP115
EQX1014,Crane,S007,2024-07-27,2024-08-14,2024-08-15,6.5,1.2,18,OP101
EQX1014,Crane,S011,2024-10-08,2024-10-26,2024-10-27,5.4,3.9,18,OP128
EQX1014,Crane,S014,2024-11-10,2024-12-30,2024-12-24,6.1,3.3,50,OP115
EQX1014,Crane,S005,2025-02-08,2025-02-23,2025-02-23,3.9,2.9,15,OP104
EQX1014,Crane,S008,2025-03-11,2025-04-23,2025-04-23,5.7,3.7,43,OP121
EQX1014,Crane,S006,2025-05-01,2025-06-08,2025-06-08,5.3,0.7,38,OP127
EQX1014,Crane,S009,2025-06-11,2025-06-28,2025-06-30,5.5,2.9,17,OP121
EQX1014,Crane,S005,2025-07-15,2025-07-27,2025-07-27,4.4,2.4,12,OP102
EQX1014,Crane,S002,2025-09-16,2025-10-26,2025-10-28,6.9,3.4,40,OP109
EQX1014,Crane,S002,2025-10-30,2025-12-03,2025-12-04,7.2,3.1,34,OP124
EQX1014,Crane,S010,2026-02-08,2026-03-22,2026-03-24,5.1,2.7,42,OP121
EQX1014,Crane,S010,2026-03-31,2026-05-12,2026-05-13,3.8,3.9,42,OP118
EQX1014,Crane,S014,2026-06-02,2026-07-09,2026-07-11,3.7,3.1,37,OP104
EQX1015,Bulldozer,S012,2024-01-21,2024-02-22,2024-02-22,10.0,2.0,32,OP111
EQX1015,Bulldozer,S007,2024-03-11,2024-04-04,2024-04-05,5.5,2.1,24,OP115
EQX1015,Bulldozer,S008,2024-04-19,2024-05-01,2024-05-02,7.0,0.5,12,OP116
EQX1015,Bulldozer,S006,2024-05-06,2024-05-23,2024-05-25,5.4,1.6,17,OP128
EQX1015,Bulldozer,S010,2024-07-03,2024-08-01,2024-08-03,8.4,1.5,29,OP105
EQX1015,Bulldozer,,2024-09-05,2024-10-05,2024-10-05,10.1,1.4,30,
EQX1015,Bulldozer,S005,2024-10-21,2024-11-15,2024-11-17,10.2,2.3,25,OP106
EQX1015,Bulldozer,S003,2024-11-29,2024-12-13,2024-12-15,7.4,1.1,14,OP102
EQX1015,Bulldozer,S009,2025-01-14,2025-01-21,2025-01-21,7.7,0.5,7,OP122
EQX1015,Bulldozer,S002,2025-03-16,2025-04-04,2025-04-02,7.2,1.1,19,OP111
EQX1015,Bulldozer,S010,2025-04-11,2025-05-05,2025-05-07,8.7,0.8,24,OP101
EQX1015,Bulldozer,S011,2025-05-14,2025-05-21,2025-05-23,10.2,0.7,7,OP115
EQX1015,Bulldozer,S006,2025-05-27,2025-06-12,2025-06-13,5.8,1.1,16,OP126
EQX1015,Bulldozer,S004,2025-10-18,2025-10-27,2025-10-29,7.4,1.8,9,OP124
EQX1015,Bulldozer,S010,2025-11-06,2025-11-12,2025-11-14,8.2,2.5,6,OP103
EQX1015,Bulldozer,S006,2025-11-25,2025-12-26,2025-12-27,9.1,2.0,31,OP118
EQX1015,Bulldozer,S001,2025-12-31,2026-01-11,2026-01-07,5.4,2.1,11,OP130
EQX1015,Bulldozer,S009,2026-03-09,2026-04-03,2026-04-05,8.7,1.1,25,OP118
EQX1015,Bulldozer,S007,2026-04-22,2026-05-21,2026-05-22,8.8,2.2,29,OP119
EQX1015,Bulldozer,S001,2026-05-26,2026-06-13,2026-06-13,5.5,1.4,18,OP108
EQX1015,Bulldozer,S012,2026-07-05,,2026-07-31,5.7,1.9,26,OP106
EQX1016,Grader,S013,2024-03-18,2024-03-25,2024-03-27,4.6,2.7,7,OP128
EQX1016,Grader,S005,2024-03-28,2024-04-14,2024-04-14,8.9,2.1,17,OP123
EQX1016,Grader,S006,2024-05-03,2024-05-22,2024-05-22,4.5,0.8,19,OP106
EQX1016,Grader,S004,2024-05-28,2024-06-18,2024-06-17,5.8,1.5,21,OP102
EQX1016,Grader,S004,2024-06-22,2024-07-17,2024-07-18,4.5,2.8,25,OP111
EQX1016,Grader,S001,2024-08-04,2024-08-07,2024-08-09,3.4,1.7,3,OP113
EQX1016,Grader,S004,2024-08-19,2024-09-08,2024-09-09,6.4,1.3,20,OP110
EQX1016,Grader,S012,2024-09-25,2024-10-14,2024-10-14,6.3,2.5,19,OP129
EQX1016,Grader,S015,2024-10-30,2024-11-18,2024-11-20,8.7,0.5,19,OP101
EQX1016,Grader,S008,2024-11-30,2024-12-19,2024-12-20,8.8,0.9,19,OP102
EQX1016,Grader,S009,2025-03-15,2025-04-13,2025-04-11,6.8,1.5,29,OP105
EQX1016,Grader,S014,2025-04-17,2025-04-24,2025-04-25,8.6,1.5,7,OP111
EQX1016,Grader,S003,2025-05-07,2025-05-19,2025-05-19,7.6,0.8,12,OP125
EQX1016,Grader,S013,2025-06-05,2025-06-21,2025-06-22,5.7,1.7,16,OP107
EQX1016,Grader,S012,2025-06-26,2025-07-19,2025-07-21,3.2,2.6,23,OP120
EQX1016,Grader,S005,2025-09-02,2025-09-27,2025-09-22,8.9,0.6,25,OP127
EQX1016,Grader,S002,2025-10-14,2025-11-03,2025-11-04,7.8,0.8,20,OP126
EQX1016,Grader,S011,2025-11-13,2025-12-11,2025-12-13,3.5,2.0,28,OP121
EQX1016,Grader,S008,2025-12-16,2025-12-20,2025-12-22,3.8,2.8,4,OP126
EQX1016,Grader,S007,2026-01-02,2026-01-30,2026-01-20,7.3,1.7,28,OP127
EQX1016,Grader,S005,2026-02-15,2026-02-24,2026-02-25,8.3,0.6,9,OP115
EQX1016,Grader,S008,2026-03-06,2026-03-23,2026-03-25,3.5,1.5,17,OP102
EQX1016,Grader,S013,2026-04-15,2026-05-03,2026-05-05,8.9,2.5,18,OP101
EQX1016,Grader,S006,2026-05-23,2026-06-05,2026-06-07,4.6,0.6,13,OP113
EQX1016,Grader,S009,2026-07-12,,2026-08-10,7.6,3.0,29,OP112
EQX1017,Excavator,S006,2024-03-12,2024-03-30,2024-03-31,9.0,2.6,18,OP130
EQX1017,Excavator,S012,2024-04-20,2024-05-17,2024-05-17,6.1,1.9,27,OP123
EQX1017,Excavator,S008,2024-05-26,2024-07-01,2024-07-01,4.5,1.1,36,OP102
EQX1017,Excavator,S013,2024-07-20,2024-08-15,2024-08-15,6.0,0.9,26,OP105
EQX1017,Excavator,S013,2024-08-28,2024-09-11,2024-09-11,9.1,2.7,14,OP104
EQX1017,Excavator,S005,2024-09-25,2024-10-24,2024-10-25,4.8,0.9,29,OP111
EQX1017,Excavator,S013,2024-12-16,2025-01-23,2025-01-25,5.3,2.0,38,OP112
EQX1017,Excavator,S007,2025-02-23,2025-02-26,2025-02-28,1.9,11.6,3,OP128
EQX1017,Excavator,S006,2025-03-20,2025-03-31,2025-03-31,4.5,1.4,11,OP124
EQX1017,Excavator,S011,2025-04-23,2025-05-01,2025-05-03,9.3,1.6,8,OP124
EQX1017,Excavator,S012,2025-05-11,2025-06-07,2025-06-07,4.3,1.6,27,OP101
EQX1017,Excavator,S013,2025-10-17,2025-11-05,2025-11-05,4.2,0.6,19,OP128
EQX1017,Excavator,S012,2025-11-11,2025-11-26,2025-11-26,7.3,2.7,15,OP103
EQX1017,Excavator,S003,2026-02-04,2026-02-18,2026-02-19,4.6,1.0,14,OP102
EQX1017,Excavator,S005,2026-03-15,2026-04-22,2026-04-23,4.6,1.5,38,OP108
EQX1017,Excavator,S005,2026-05-10,2026-06-09,2026-06-07,8.0,2.0,30,OP127
EQX1017,Excavator,S014,2026-06-12,2026-07-04,2026-07-05,5.9,1.5,22,OP104
EQX1018,Crane,S015,2024-01-09,2024-02-18,2024-02-19,4.8,2.1,40,OP113
EQX1018,Crane,S013,2024-03-06,2024-03-30,2024-03-30,6.3,0.8,24,OP123
EQX1018,Crane,S014,2024-04-19,2024-06-02,2024-06-02,7.1,2.0,44,OP113
EQX1018,Crane,S007,2024-06-20,2024-07-12,2024-07-12,7.3,0.6,22,OP129
EQX1018,Crane,S004,2024-09-14,2024-10-19,2024-10-19,4.0,0.6,35,OP126
EQX1018,Crane,S006,2024-11-12,2024-11-27,2024-11-28,6.6,3.3,15,OP130
EQX1018,Crane,S010,2025-02-01,2025-02-06,2025-02-08,6.9,0.9,5,OP117
EQX1018,Crane,S013,2025-04-02,2025-04-13,2025-04-15,6.9,3.5,11,OP104
EQX1018,Crane,S001,2025-04-29,2025-06-05,2025-06-06,4.4,1.0,37,OP106
EQX1018,Crane,S012,2025-06-30,2025-07-31,2025-08-01,3.2,2.2,31,OP108
EQX1018,Crane,S014,2025-08-14,2025-09-08,2025-09-09,6.4,3.9,25,OP123
EQX1018,Crane,S010,2025-10-14,2025-11-09,2025-11-10,3.4,2.0,26,OP121
EQX1018,Crane,S015,2026-02-26,2026-04-04,2026-04-06,3.1,1.2,37,OP119
EQX1018,Crane,S012,2026-04-08,2026-05-20,2026-05-14,4.4,3.4,42,OP107
EQX1018,Crane,S008,2026-07-13,,2026-08-12,7.8,2.2,30,OP106
EQX1019,Bulldozer,S014,2024-02-25,2024-03-01,2024-03-01,9.7,0.9,5,OP119
EQX1019,Bulldozer,,2024-03-11,2024-03-22,2024-03-24,9.7,2.0,11,
EQX1019,Bulldozer,S005,2024-03-29,2024-04-22,2024-04-22,9.8,1.1,24,OP120
EQX1019,Bulldozer,S008,2024-05-15,2024-06-16,2024-06-17,6.3,1.1,32,OP109
EQX1019,Bulldozer,S009,2024-07-08,2024-07-22,2024-07-16,8.6,1.1,14,OP121
EQX1019,Bulldozer,S005,2024-08-09,2024-08-21,2024-08-22,9.3,2.3,12,OP121
EQX1019,Bulldozer,S007,2024-08-28,2024-09-07,2024-09-09,0.0,0.8,10,OP122
EQX1019,Bulldozer,S010,2024-10-13,2024-10-30,2024-10-30,11.0,2.1,17,OP123
EQX1019,Bulldozer,S015,2024-11-24,2024-12-15,2024-12-16,7.2,1.1,21,OP122
EQX1019,Bulldozer,S012,2025-01-23,2025-02-11,2025-02-12,8.4,2.3,19,OP126
EQX1019,Bulldozer,S013,2025-03-13,2025-04-09,2025-04-10,7.0,1.0,27,OP129
EQX1019,Bulldozer,S010,2025-04-15,2025-05-15,2025-05-17,7.8,0.9,30,OP103
EQX1019,Bulldozer,S003,2025-06-08,2025-06-22,2025-06-22,7.1,2.5,14,OP107
EQX1019,Bulldozer,S008,2025-07-09,2025-08-10,2025-08-10,8.8,0.9,32,OP111
EQX1019,Bulldozer,S010,2025-08-13,2025-08-24,2025-08-24,6.0,2.1,11,OP125
EQX1019,Bulldozer,S001,2025-09-30,2025-10-17,2025-10-18,8.2,2.0,17,OP102
EQX1019,Bulldozer,S001,2025-10-30,2025-11-18,2025-11-20,9.4,1.0,19,OP121
EQX1019,Bulldozer,S003,2025-11-30,2025-12-16,2025-12-17,9.9,1.1,16,OP103
EQX1019,Bulldozer,S001,2026-04-10,2026-04-20,2026-04-21,6.3,2.5,10,OP108
EQX1019,Bulldozer,S011,2026-04-23,2026-05-01,2026-05-03,5.2,2.3,8,OP126
EQX1019,Bulldozer,S002,2026-05-21,2026-06-12,2026-06-14,10.0,0.6,22,OP121
EQX1019,Bulldozer,S003,2026-06-29,2026-07-19,2026-07-21,9.2,1.8,20,OP107
EQX1020,Grader,S012,2024-02-23,2024-03-22,2024-03-24,3.7,0.8,28,OP120
EQX1020,Grader,S004,2024-03-31,2024-04-26,2024-04-28,0.8,11.0,26,OP112
EQX1020,Grader,S015,2024-05-14,2024-05-20,2024-05-18,8.0,2.2,6,OP104
EQX1020,Grader,S015,2024-05-25,2024-05-31,2024-05-31,6.9,1.6,6,OP109
EQX1020,Grader,S014,2024-06-11,2024-06-18,2024-06-18,5.2,2.2,7,OP110
EQX1020,Grader,S014,2024-06-24,2024-07-22,2024-07-22,7.0,0.9,28,OP105
EQX1020,Grader,S007,2024-09-07,2024-09-20,2024-09-21,4.6,1.5,13,OP115
EQX1020,Grader,S012,2024-10-06,2024-11-04,2024-11-04,3.4,2.9,29,OP124
EQX1020,Grader,S015,2025-02-13,2025-02-26,2025-02-28,7.4,2.7,13,OP127
EQX1020,Grader,S005,2025-03-16,2025-04-02,2025-04-02,4.9,2.3,17,OP121
EQX1020,Grader,S014,2025-04-23,2025-05-02,2025-05-04,6.1,2.2,9,OP111
EQX1020,Grader,S011,2025-05-18,2025-05-27,2025-05-29,5.3,2.6,9,OP121
EQX1020,Grader,S014,2025-06-18,2025-07-10,2025-07-12,8.1,2.7,22,OP116
EQX1020,Grader,S009,2025-07-28,2025-08-11,2025-08-11,6.3,1.4,14,OP108
EQX1020,Grader,S014,2025-08-16,2025-09-14,2025-09-14,5.7,0.8,29,OP116
EQX1020,Grader,S009,2025-10-07,2025-10-21,2025-10-23,8.0,2.5,14,OP101
EQX1020,Grader,S011,2025-12-03,2025-12-21,2025-11-13,8.7,1.4,18,OP115
EQX1020,Grader,S013,2026-03-22,2026-04-17,2026-04-17,4.3,1.4,26,OP122
EQX1020,Grader,S015,2026-04-29,2026-05-14,2026-05-14,6.0,2.6,15,OP106
EQX1020,Grader,S015,2026-05-30,2026-06-22,2026-06-22,5.4,1.6,23,OP128
EQX1021,Excavator,S002,2024-01-11,2024-02-21,2024-02-11,9.4,1.6,41,OP125
EQX1021,Excavator,S009,2024-03-11,2024-04-17,2024-04-16,6.6,2.0,37,OP130
EQX1021,Excavator,S002,2024-04-25,2024-05-11,2024-05-11,7.9,2.0,16,OP113
EQX1021,Excavator,S005,2024-05-26,2024-06-14,2024-06-15,8.8,0.8,19,OP115
EQX1021,Excavator,S012,2024-07-03,2024-08-10,2024-08-12,7.3,1.0,38,OP130
EQX1021,Excavator,S012,2024-09-04,2024-10-01,2024-10-01,9.9,0.9,27,OP121
EQX1021,Excavator,S008,2024-10-24,2024-11-03,2024-11-05,7.4,2.2,10,OP119
EQX1021,Excavator,S002,2024-11-23,2024-12-23,2024-12-25,6.3,0.6,30,OP101
EQX1021,Excavator,S004,2025-02-18,2025-02-25,2025-02-26,7.2,1.4,7,OP125
EQX1021,Excavator,S007,2025-04-21,2025-05-08,2025-05-10,7.1,2.5,17,OP108
EQX1021,Excavator,S006,2025-06-02,2025-06-29,2025-07-01,4.3,2.4,27,OP118
EQX1021,Excavator,S013,2025-09-25,2025-11-03,2025-11-03,9.8,1.2,39,OP124
EQX1021,Excavator,S007,2025-11-27,2025-12-13,2025-12-13,6.6,1.9,16,OP102
EQX1021,Excavator,S010,2026-01-13,2026-02-02,2026-01-27,8.6,2.1,20,OP102
EQX1021,Excavator,S009,2026-03-14,2026-03-22,2026-03-23,9.7,1.8,8,OP108
EQX1021,Excavator,S004,2026-03-30,2026-05-07,2026-05-08,5.3,1.3,38,OP129
EQX1021,Excavator,S001,2026-06-14,2026-07-22,2026-07-24,8.0,1.6,38,OP104
EQX1022,Crane,S007,2024-03-10,2024-04-06,2024-04-06,5.7,1.5,27,OP109
EQX1022,Crane,S005,2024-04-20,2024-05-29,2024-05-29,6.3,1.6,39,OP129
EQX1022,Crane,S002,2024-06-04,2024-07-13,2024-07-15,6.4,3.2,39,OP107
EQX1022,Crane,S012,2024-08-14,2024-09-17,2024-09-17,3.8,2.1,34,OP122
EQX1022,Crane,S002,2024-09-22,2024-10-08,2024-10-10,7.1,3.7,16,OP119
EQX1022,Crane,S011,2024-10-25,2024-11-27,2024-11-28,5.7,2.7,33,OP104
EQX1022,Crane,S002,2024-12-18,2024-12-27,2024-12-29,6.9,1.6,9,OP110
EQX1022,Crane,S004,2025-01-13,2025-01-19,2025-01-21,6.7,3.3,6,OP105
EQX1022,Crane,,2025-02-14,2025-03-16,2025-03-16,5.8,0.9,30,
EQX1022,Crane,S004,2025-04-07,2025-05-18,2025-05-19,6.7,3.0,41,OP124
EQX1022,Crane,S004,2025-06-24,2025-07-14,2025-07-15,3.9,3.3,20,OP104
EQX1022,Crane,S005,2025-08-03,2025-09-16,2025-09-14,4.0,2.5,44,OP104
EQX1022,Crane,S002,2025-09-30,2025-11-01,2025-10-22,4.0,2.2,32,OP129
EQX1022,Crane,,2025-11-25,2026-01-06,2026-01-08,4.6,2.0,42,
EQX1022,Crane,S006,2026-03-12,2026-04-09,2026-04-11,5.4,2.1,28,OP129
EQX1022,Crane,S014,2026-04-27,2026-05-15,2026-05-15,7.3,1.0,18,OP109
EQX1022,Crane,S014,2026-05-26,2026-06-06,2026-06-06,6.2,3.3,11,OP117
EQX1022,Crane,S015,2026-06-27,2026-07-04,2026-07-06,5.4,3.2,7,OP118
EQX1023,Bulldozer,S009,2024-02-07,2024-03-05,2024-02-28,9.0,2.2,27,OP101
EQX1023,Bulldozer,S003,2024-03-27,2024-04-24,2024-04-25,8.4,1.6,28,OP106
EQX1023,Bulldozer,S004,2024-05-01,2024-05-21,2024-05-21,7.9,0.6,20,OP125
EQX1023,Bulldozer,S007,2024-05-25,2024-06-14,2024-06-15,0.7,11.9,20,OP116
EQX1023,Bulldozer,S011,2024-09-05,2024-09-28,2024-09-30,10.0,1.5,23,OP129
EQX1023,Bulldozer,S008,2024-10-08,2024-10-23,2024-10-24,7.9,1.7,15,OP126
EQX1023,Bulldozer,S004,2024-10-30,2024-11-16,2024-11-11,6.1,1.2,17,OP105
EQX1023,Bulldozer,S002,2024-11-22,2024-12-08,2024-12-10,9.1,1.5,16,OP116
EQX1023,Bulldozer,S003,2025-01-10,2025-01-19,2025-01-19,8.1,2.3,9,OP121
EQX1023,Bulldozer,S010,2025-01-27,2025-02-05,2025-02-06,8.8,2.3,9,OP119
EQX1023,Bulldozer,S004,2025-03-05,2025-03-25,2025-03-25,7.5,0.8,20,OP127
EQX1023,Bulldozer,S011,2025-04-02,2025-04-21,2025-04-23,10.5,1.7,19,OP111
EQX1023,Bulldozer,S014,2025-05-06,2025-05-23,2025-05-14,8.0,1.3,17,OP130
EQX1023,Bulldozer,S015,2025-05-29,2025-07-01,2025-07-01,8.2,2.0,33,OP126
EQX1023,Bulldozer,S015,2025-07-25,2025-08-18,2025-08-18,9.1,1.4,24,OP125
EQX1023,Bulldozer,S006,2025-09-14,2025-10-13,2025-10-14,9.8,2.3,29,OP119
EQX1023,Bulldozer,S015,2025-11-03,2025-11-12,2025-11-12,5.5,1.7,9,OP128
EQX1023,Bulldozer,S010,2025-11-23,2025-12-20,2025-12-20,5.7,0.5,27,OP117
EQX1023,Bulldozer,S005,2026-02-06,2026-02-13,2026-02-15,10.1,1.3,7,OP109
EQX1023,Bulldozer,S008,2026-03-18,2026-04-03,2026-04-05,7.2,1.6,16,OP106
EQX1023,Bulldozer,S003,2026-04-15,2026-05-12,2026-05-14,10.2,0.7,27,OP128
EQX1023,Bulldozer,S010,2026-06-19,2026-07-04,2026-07-06,9.1,0.6,15,OP123
EQX1024,Grader,S005,2024-02-06,2024-02-29,2024-02-29,5.2,2.0,23,OP108
EQX1024,Grader,S001,2024-03-15,2024-04-02,2024-04-04,7.9,2.1,18,OP125
EQX1024,Grader,S001,2024-04-11,2024-05-10,2024-05-10,6.6,1.8,29,OP126
EQX1024,Grader,S003,2024-05-18,2024-06-02,2024-06-02,9.0,2.4,15,OP103
EQX1024,Grader,S012,2024-06-17,2024-06-25,2024-06-27,8.5,1.9,8,OP103
EQX1024,Grader,S004,2024-08-05,2024-09-02,2024-09-04,8.6,1.9,28,OP115
EQX1024,Grader,S006,2024-09-18,2024-10-14,2024-10-09,7.8,2.9,26,OP104
EQX1024,Grader,S008,2024-11-04,2024-11-20,2024-11-22,4.5,1.3,16,OP125
EQX1024,Grader,S011,2025-02-05,2025-02-11,2025-02-11,4.4,1.3,6,OP123
EQX1024,Grader,S005,2025-03-02,2025-03-28,2025-03-28,5.4,2.4,26,OP103
EQX1024,Grader,S015,2025-04-17,2025-05-06,2025-05-06,4.6,2.9,19,OP119
EQX1024,Grader,S014,2025-05-15,2025-05-25,2025-05-25,4.2,1.0,10,OP109
EQX1024,Grader,S011,2025-06-16,2025-07-16,2025-07-14,6.0,0.5,30,OP122
EQX1024,Grader,S005,2025-10-24,2025-11-03,2025-10-12,4.3,1.9,10,OP113
EQX1024,Grader,S007,2025-11-19,2025-12-16,2025-12-10,7.1,0.9,27,OP128
EQX1024,Grader,S003,2026-03-03,2026-03-16,2026-03-17,4.6,1.2,13,OP118
EQX1024,Grader,S012,2026-03-29,2026-04-16,2026-04-17,5.2,2.6,18,OP125
EQX1024,Grader,S012,2026-04-24,2026-05-16,2026-05-16,7.8,1.9,22,OP109
EQX1024,Grader,S003,2026-05-25,2026-06-21,2026-06-21,6.0,3.0,27,OP114
EQX1025,Excavator,S004,2024-03-12,2024-03-23,2024-03-23,5.5,2.6,11,OP127
EQX1025,Excavator,S006,2024-04-05,2024-05-02,2024-05-03,6.5,1.4,27,OP101
EQX1025,Excavator,S006,2024-05-24,2024-07-01,2024-07-02,8.0,1.7,38,OP111
EQX1025,Excavator,S014,2024-07-06,2024-07-29,2024-07-29,7.8,2.8,23,OP106
EQX1025,Excavator,S005,2024-10-08,2024-10-25,2024-10-27,5.6,2.1,17,OP123
EQX1025,Excavator,S012,2025-02-11,2025-02-27,2025-02-27,8.0,2.9,16,OP108
EQX1025,Excavator,S015,2025-03-04,2025-04-05,2025-04-03,6.8,0.6,32,OP129
EQX1025,Excavator,S003,2025-04-24,2025-05-14,2025-05-04,7.9,2.7,20,OP103
EQX1025,Excavator,S009,2025-05-24,2025-06-26,2025-06-26,5.0,0.6,33,OP127
EQX1025,Excavator,S008,2025-09-25,2025-11-01,2025-11-03,8.5,2.7,37,OP121
EQX1025,Excavator,S009,2025-11-24,2025-12-17,2025-12-18,8.8,1.6,23,OP108
EQX1025,Excavator,S006,2025-12-28,2026-01-05,2026-01-02,6.8,0.5,8,OP110
EQX1025,Excavator,S004,2026-01-23,2026-02-22,2026-02-24,4.0,1.4,30,OP126
EQX1025,Excavator,S011,2026-03-14,2026-04-01,2026-04-03,9.0,1.1,18,OP113
EQX1025,Excavator,S009,2026-04-24,2026-05-14,2026-05-16,5.6,1.0,20,OP126
EQX1025,Excavator,S012,2026-05-21,2026-06-23,2026-06-24,7.0,1.3,33,OP120
EQX1025,Excavator,S012,2026-07-13,2026-07-24,2026-07-24,8.4,1.1,11,OP115
EQX1026,Crane,S006,2024-01-07,2024-02-01,2024-02-02,6.5,0.6,25,OP115
EQX1026,Crane,S003,2024-02-08,2024-03-19,2024-03-11,7.5,1.4,40,OP107
EQX1026,Crane,S004,2024-03-22,2024-04-12,2024-04-13,8.0,1.2,21,OP124
EQX1026,Crane,S005,2024-04-18,2024-05-06,2024-05-08,1.3,13.6,18,OP130
EQX1026,Crane,S014,2024-05-17,2024-06-12,2024-06-12,4.1,0.9,26,OP122
EQX1026,Crane,S013,2024-06-25,2024-07-18,2024-07-19,3.0,0.6,23,OP108
EQX1026,Crane,S002,2024-08-19,2024-08-30,2024-08-31,6.1,3.8,11,OP122
EQX1026,Crane,S009,2024-09-22,2024-10-19,2024-10-21,3.5,2.2,27,OP126
EQX1026,Crane,S012,2024-12-12,2025-01-16,2025-01-16,4.8,1.0,35,OP113
EQX1026,Crane,S009,2025-03-02,2025-04-09,2025-04-09,4.6,2.1,38,OP112
EQX1026,Crane,S014,2025-05-28,2025-07-06,2025-07-07,5.7,2.1,39,OP109
EQX1026,Crane,S014,2025-07-25,2025-08-10,2025-08-12,6.9,1.3,16,OP112
EQX1026,Crane,S003,2025-10-09,2025-11-16,2025-11-18,4.4,1.9,38,OP120
EQX1026,Crane,S003,2025-11-22,2025-12-06,2025-12-03,3.2,0.9,14,OP128
EQX1026,Crane,S010,2026-01-15,2026-02-20,2026-02-22,3.2,1.3,36,OP109
EQX1026,Crane,S001,2026-03-11,2026-03-21,2026-03-23,5.8,3.8,10,OP112
EQX1026,Crane,S009,2026-04-04,2026-04-13,2026-04-14,6.7,3.4,9,OP102
EQX1026,Crane,S009,2026-04-22,2026-05-09,2026-05-05,3.9,2.3,17,OP113
EQX1026,Crane,S013,2026-06-28,,2026-07-31,5.9,2.9,33,OP121
EQX1027,Bulldozer,S009,2024-01-29,2024-02-27,2024-02-28,8.9,1.6,29,OP111
EQX1027,Bulldozer,S014,2024-04-28,2024-05-15,2024-05-16,6.9,1.0,17,OP124
EQX1027,Bulldozer,S008,2024-05-30,2024-07-02,2024-07-03,0.5,9.7,33,OP115
EQX1027,Bulldozer,S001,2024-07-28,2024-08-08,2024-08-09,9.9,1.9,11,OP125
EQX1027,Bulldozer,S002,2024-08-28,2024-09-20,2024-09-20,7.8,0.8,23,OP102
EQX1027,Bulldozer,S010,2024-10-11,2024-10-24,2024-10-24,8.4,0.9,13,OP113
EQX1027,Bulldozer,S014,2024-11-21,2024-12-22,2024-12-24,1.1,12.9,31,OP130
EQX1027,Bulldozer,S014,2025-01-15,2025-02-15,2025-02-15,6.4,1.8,31,OP125
EQX1027,Bulldozer,S009,2025-03-20,2025-04-02,2025-04-03,5.9,1.5,13,OP119
EQX1027,Bulldozer,S010,2025-04-06,2025-04-21,2025-04-23,5.5,1.4,15,OP117
EQX1027,Bulldozer,S001,2025-04-28,2025-05-03,2025-05-05,7.4,0.7,5,OP118
EQX1027,Bulldozer,S008,2025-05-28,2025-06-06,2025-06-06,8.9,0.9,9,OP113
EQX1027,Bulldozer,S006,2025-06-25,2025-07-01,2025-07-02,10.5,0.7,6,OP122
EQX1027,Bulldozer,S011,2025-07-17,2025-07-26,2025-07-28,9.6,0.8,9,OP101
EQX1027,Bulldozer,S006,2025-09-05,2025-10-04,2025-10-06,9.5,2.2,29,OP105
EQX1027,Bulldozer,S001,2025-10-08,2025-10-31,2025-11-01,9.2,0.7,23,OP111
EQX1027,Bulldozer,S009,2025-11-03,2025-12-01,2025-12-01,9.5,1.6,28,OP117
EQX1027,Bulldozer,S001,2026-01-08,2026-01-29,2026-01-31,6.0,1.1,21,OP109
EQX1027,Bulldozer,S002,2026-02-20,2026-03-11,2026-03-11,9.0,1.8,19,OP113
EQX1027,Bulldozer,S007,2026-04-04,2026-05-07,2026-05-07,10.9,0.7,33,OP117
EQX1027,Bulldozer,S009,2026-05-29,2026-06-07,2026-06-08,9.3,0.6,9,OP130
EQX1027,Bulldozer,S006,2026-06-19,2026-07-06,2026-07-06,7.1,1.8,17,OP122
EQX1028,Grader,S009,2024-02-08,2024-02-24,2024-02-24,4.4,1.4,16,OP109
EQX1028,Grader,S010,2024-03-02,2024-03-16,2024-03-18,6.8,1.1,14,OP128
EQX1028,Grader,S008,2024-03-23,2024-04-04,2024-04-05,3.8,2.1,12,OP118
EQX1028,Grader,S015,2024-04-28,2024-05-04,2024-05-06,8.5,1.6,6,OP117
EQX1028,Grader,S002,2024-05-11,2024-06-01,2024-06-02,6.2,2.3,21,OP118
EQX1028,Grader,S007,2024-06-08,2024-07-05,2024-07-06,5.7,2.8,27,OP110
EQX1028,Grader,S001,2024-07-16,2024-07-29,2024-07-26,8.9,2.0,13,OP125
EQX1028,Grader,S006,2024-08-20,2024-08-31,2024-08-31,7.1,1.7,11,OP103
EQX1028,Grader,S008,2024-09-22,2024-10-15,2024-10-16,0.5,12.6,23,OP116
EQX1028,Grader,S012,2024-12-10,2024-12-27,2024-12-28,8.2,2.7,17,OP111
EQX1028,Grader,S010,2025-02-05,2025-02-17,2025-02-19,6.2,2.1,12,OP120
EQX1028,Grader,S009,2025-03-17,2025-03-22,2025-03-22,5.4,2.3,5,OP118
EQX1028,Grader,S007,2025-04-10,2025-04-14,2025-04-15,4.8,2.6,4,OP129
EQX1028,Grader,S008,2025-04-30,2025-05-05,2025-05-05,6.9,0.7,5,OP127
EQX1028,Grader,S007,2025-05-13,2025-06-07,2025-06-08,5.7,0.9,25,OP111
EQX1028,Grader,S015,2025-08-09,2025-08-19,2025-08-21,7.8,2.3,10,OP123
EQX1028,Grader,S013,2025-09-24,2025-10-12,2025-10-14,6.7,0.9,18,OP117
EQX1028,Grader,S014,2025-10-16,2025-10-28,2025-10-30,4.0,0.9,12,OP105
EQX1028,Grader,S005,2025-11-01,2025-11-13,2025-11-14,4.1,2.7,12,OP121
EQX1028,Grader,S014,2025-11-16,2025-12-06,2025-11-28,6.3,0.5,20,OP116
EQX1028,Grader,S008,2025-12-16,2026-01-09,2026-01-10,6.6,0.5,24,OP103
EQX1028,Grader,S001,2026-03-04,2026-03-18,2026-03-12,8.1,2.2,14,OP105
EQX1028,Grader,S003,2026-03-30,2026-04-12,2026-04-05,7.0,2.0,13,OP106
EQX1028,Grader,S012,2026-05-04,2026-05-24,2026-05-25,5.2,0.6,20,OP119
EQX1028,Grader,S014,2026-06-06,2026-06-21,2026-06-22,3.4,1.7,15,OP118
EQX1028,Grader,S004,2026-07-02,2026-07-17,2026-07-19,3.3,1.9,15,OP120
EQX1029,Excavator,S010,2024-03-29,2024-04-21,2024-04-23,9.6,2.0,23,OP112
EQX1029,Excavator,S012,2024-05-14,2024-05-30,2024-05-30,0.0,0.5,16,OP110
EQX1029,Excavator,S004,2024-09-21,2024-10-15,2024-10-17,7.8,2.2,24,OP101
EQX1029,Excavator,S002,2024-10-20,2024-11-26,2024-11-26,6.0,1.5,37,OP122
EQX1029,Excavator,S015,2024-12-15,2025-01-09,2025-01-10,8.8,2.1,25,OP116
EQX1029,Excavator,S013,2025-02-01,2025-03-11,2025-03-12,6.5,2.4,38,OP127
EQX1029,Excavator,S004,2025-03-23,2025-04-17,2025-04-17,8.1,2.5,25,OP119
EQX1029,Excavator,S006,2025-05-01,2025-05-15,2025-05-15,7.8,2.6,14,OP113
EQX1029,Excavator,S012,2025-05-30,2025-06-10,2025-06-11,5.9,0.6,11,OP128
EQX1029,Excavator,S003,2025-07-19,2025-08-11,2025-08-12,6.2,0.6,23,OP104
EQX1029,Excavator,S003,2025-08-16,2025-08-20,2025-08-22,6.0,1.7,4,OP107
EQX1029,Excavator,S011,2025-09-15,2025-09-24,2025-09-26,5.2,0.6,9,OP105
EQX1029,Excavator,S014,2025-10-13,2025-11-04,2025-11-06,9.2,1.3,22,OP120
EQX1029,Excavator,S011,2025-11-10,2025-12-09,2025-12-04,5.3,1.0,29,OP129
EQX1029,Excavator,S003,2025-12-29,2026-01-30,2026-01-31,5.6,0.5,32,OP106
EQX1029,Excavator,S005,2026-02-18,2026-03-28,2026-03-29,9.7,2.5,38,OP105
EQX1029,Excavator,S003,2026-04-05,2026-05-01,2026-05-01,6.8,2.2,26,OP101
EQX1029,Excavator,S015,2026-05-05,2026-06-02,2026-06-04,7.8,2.2,28,OP119
EQX1029,Excavator,S013,2026-06-16,2026-07-01,2026-07-03,4.5,2.8,15,OP118
EQX1030,Crane,S011,2024-01-05,2024-02-15,2024-02-10,6.6,2.1,41,OP121
EQX1030,Crane,S003,2024-02-25,2024-03-18,2024-03-19,7.6,1.7,22,OP123
EQX1030,Crane,S006,2024-03-31,2024-04-10,2024-04-08,5.3,1.1,10,OP116
EQX1030,Crane,S006,2024-05-02,2024-06-12,2024-06-10,6.2,3.3,41,OP118
EQX1030,Crane,S003,2024-06-27,2024-07-17,2024-07-19,4.9,1.7,20,OP116
EQX1030,Crane,S009,2024-08-07,2024-09-09,2024-09-10,4.2,2.8,33,OP123
EQX1030,Crane,S008,2024-10-04,2024-11-21,2024-11-11,5.8,3.4,48,OP111
EQX1030,Crane,S013,2024-12-06,2024-12-17,2024-12-19,4.9,2.2,11,OP127
EQX1030,Crane,S013,2024-12-22,2025-01-04,2025-01-06,6.8,2.8,13,OP101
EQX1030,Crane,S011,2025-01-16,2025-02-28,2025-02-28,4.6,2.5,43,OP129
EQX1030,Crane,S001,2025-04-20,2025-05-17,2025-05-19,7.9,1.9,27,OP120
EQX1030,Crane,S012,2025-05-29,2025-07-10,2025-07-10,7.1,1.8,42,OP118
EQX1030,Crane,S012,2025-07-13,2025-08-25,2025-08-26,5.0,2.0,43,OP113
EQX1030,Crane,S014,2025-09-02,2025-09-20,2025-09-21,3.8,4.0,18,OP114
EQX1030,Crane,S011,2025-09-27,2025-10-04,2025-10-05,7.9,1.0,7,OP114
EQX1030,Crane,S003,2025-10-20,2025-12-02,2025-12-04,5.5,2.4,43,OP115
EQX1030,Crane,S008,2025-12-16,2026-01-17,2026-01-19,6.7,3.0,32,OP128
EQX1030,Crane,S012,2026-03-17,2026-04-24,2026-04-16,3.7,3.1,38,OP103
EQX1030,Crane,S002,2026-05-05,2026-05-15,2026-05-17,5.4,3.1,10,OP108
EQX1030,Crane,,2026-05-20,2026-06-29,2026-06-30,7.5,2.4,40,
EQX1031,Bulldozer,S001,2024-03-08,2024-04-07,2024-04-07,10.5,2.0,30,OP123
EQX1031,Bulldozer,S010,2024-04-28,2024-05-23,2024-05-23,8.9,1.1,25,OP102
EQX1031,Bulldozer,S014,2024-05-26,2024-06-02,2024-06-02,6.7,0.8,7,OP126
EQX1031,Bulldozer,S012,2024-06-13,2024-06-19,2024-06-21,9.0,1.2,6,OP105
EQX1031,Bulldozer,S006,2024-07-14,2024-07-24,2024-07-24,10.8,1.7,10,OP103
EQX1031,Bulldozer,S010,2024-09-20,2024-10-18,2024-10-18,10.1,0.6,28,OP124
EQX1031,Bulldozer,S008,2024-10-24,2024-11-11,2024-11-12,10.7,2.3,18,OP124
EQX1031,Bulldozer,S005,2024-12-30,2025-01-20,2025-01-20,9.8,1.3,21,OP130
EQX1031,Bulldozer,S010,2025-02-19,2025-03-12,2025-03-13,8.9,1.0,21,OP130
EQX1031,Bulldozer,S012,2025-03-18,2025-04-08,2025-04-10,9.4,1.7,21,OP108
EQX1031,Bulldozer,S011,2025-04-21,2025-05-01,2025-05-01,10.0,0.5,10,OP101
EQX1031,Bulldozer,S005,2025-05-07,2025-05-22,2025-05-23,5.2,1.7,15,OP107
EQX1031,Bulldozer,S011,2025-06-13,2025-07-12,2025-07-14,9.2,0.7,29,OP104
EQX1031,Bulldozer,S013,2025-07-19,2025-08-15,2025-08-17,10.4,1.9,27,OP106
EQX1031,Bulldozer,S013,2025-09-01,2025-09-07,2025-09-08,9.2,1.8,6,OP114
EQX1031,Bulldozer,S007,2025-09-18,2025-09-25,2025-09-25,7.0,0.6,7,OP113
EQX1031,Bulldozer,S010,2025-10-06,2025-10-13,2025-10-13,6.1,1.5,7,OP113
EQX1031,Bulldozer,S012,2025-10-29,2025-12-01,2025-11-23,5.6,0.6,33,OP109
EQX1031,Bulldozer,S010,2026-02-15,2026-02-23,2026-02-24,8.1,2.4,8,OP101
EQX1031,Bulldozer,S009,2026-03-11,2026-04-08,2026-04-08,5.0,2.4,28,OP108
EQX1031,Bulldozer,S006,2026-04-26,2026-05-17,2026-05-18,6.8,0.6,21,OP122
EQX1031,Bulldozer,S002,2026-06-09,2026-06-30,2026-07-01,7.8,2.0,21,OP127
EQX1032,Grader,S015,2024-03-10,2024-04-05,2024-04-05,2.0,8.2,26,OP121
EQX1032,Grader,S005,2024-04-15,2024-04-19,2024-04-21,6.2,2.6,4,OP116
EQX1032,Grader,S001,2024-04-22,2024-04-25,2024-04-27,3.7,2.5,3,OP113
EQX1032,Grader,S003,2024-10-17,2024-11-12,2024-11-12,3.3,1.3,26,OP121
EQX1032,Grader,S002,2024-11-29,2024-12-29,2024-12-29,6.6,2.0,30,OP116
EQX1032,Grader,S010,2025-03-16,2025-03-28,2025-03-30,3.8,2.6,12,OP118
EQX1032,Grader,S003,2025-04-01,2025-04-20,2025-04-15,5.5,2.2,19,OP125
EQX1032,Grader,S013,2025-05-07,2025-05-31,2025-05-29,6.8,1.4,24,OP128
EQX1032,Grader,S012,2025-06-18,2025-06-22,2025-06-22,6.6,1.2,4,OP121
EQX1032,Grader,S004,2025-07-26,2025-08-06,2025-08-07,6.7,0.6,11,OP106
EQX1032,Grader,S001,2025-09-05,2025-10-03,2025-10-04,4.4,0.8,28,OP118
EQX1032,Grader,S004,2025-10-09,2025-11-04,2025-11-06,7.6,2.1,26,OP115
EQX1032,Grader,S008,2025-11-21,2025-11-28,2025-11-13,4.0,2.8,7,OP106
EQX1032,Grader,S013,2025-12-12,2025-12-27,2025-12-29,7.6,0.6,15,OP129
EQX1032,Grader,S002,2026-01-16,2026-02-23,2026-02-14,8.4,2.3,38,OP103
EQX1032,Grader,S004,2026-03-08,2026-04-03,2026-04-04,3.7,1.1,26,OP125
EQX1032,Grader,S008,2026-04-19,2026-05-05,2026-05-05,5.9,2.7,16,OP119
EQX1032,Grader,S012,2026-05-27,2026-06-11,2026-06-12,6.8,2.9,15,OP107
EQX1032,Grader,S002,2026-06-18,2026-07-13,2026-07-10,5.8,1.5,25,OP128
EQX1033,Excavator,S010,2024-01-29,2024-02-11,2024-02-13,5.0,2.9,13,OP129
EQX1033,Excavator,S010,2024-02-16,2024-03-25,2024-03-25,9.0,1.2,38,OP116
EQX1033,Excavator,S003,2024-04-04,2024-05-04,2024-05-06,7.4,0.5,30,OP130
EQX1033,Excavator,S008,2024-06-10,2024-06-16,2024-06-17,8.8,2.6,6,OP126
EQX1033,Excavator,S004,2024-06-26,2024-06-30,2024-07-01,6.2,1.1,4,OP105
EQX1033,Excavator,S014,2024-07-03,2024-07-26,2024-07-27,8.5,0.6,23,OP119
EQX1033,Excavator,S011,2024-08-24,2024-09-19,2024-09-21,9.2,0.7,26,OP101
EQX1033,Excavator,S012,2024-10-02,2024-10-24,2024-10-25,7.3,2.5,22,OP120
EQX1033,Excavator,S009,2024-10-29,2024-11-24,2024-11-24,8.0,2.7,26,OP130
EQX1033,Excavator,S004,2025-02-04,2025-02-21,2025-02-22,4.7,1.7,17,OP118
EQX1033,Excavator,S009,2025-04-15,2025-05-03,2025-05-04,6.5,0.6,18,OP122
EQX1033,Excavator,S012,2025-05-20,2025-06-26,2025-06-27,8.1,1.8,37,OP118
EQX1033,Excavator,S002,2025-07-18,2025-07-26,2025-07-27,6.3,0.9,8,OP103
EQX1033,Excavator,S008,2025-07-31,2025-08-25,2025-08-22,9.2,1.8,25,OP105
EQX1033,Excavator,S006,2025-09-06,2025-10-14,2025-10-15,6.7,2.1,38,OP114
EQX1033,Excavator,S011,2025-10-19,2025-11-05,2025-11-07,6.5,1.4,17,OP111
EQX1033,Excavator,S008,2025-11-18,2025-12-25,2025-12-26,7.4,2.7,37,OP110
EQX1033,Excavator,S003,2026-01-05,2026-02-02,2026-02-02,5.7,2.9,28,OP112
EQX1033,Excavator,S015,2026-03-01,2026-03-15,2026-03-17,8.8,0.9,14,OP122
EQX1033,Excavator,S004,2026-03-28,2026-04-30,2026-04-30,8.2,2.2,33,OP118
EQX1033,Excavator,S005,2026-05-07,2026-06-13,2026-06-15,9.5,1.5,37,OP104
EQX1034,Crane,S011,2024-01-11,2024-02-20,2024-02-21,4.5,3.6,40,OP123
EQX1034,Crane,S006,2024-03-12,2024-04-23,2024-04-24,0.7,12.1,42,OP123
EQX1034,Crane,S006,2024-04-26,2024-05-17,2024-05-17,6.0,1.2,21,OP102
EQX1034,Crane,S011,2024-05-28,2024-06-08,2024-06-09,7.8,3.9,11,OP122
EQX1034,Crane,S015,2024-06-26,2024-08-10,2024-08-10,4.8,1.0,45,OP122
EQX1034,Crane,S005,2024-08-24,2024-08-30,2024-08-31,7.4,0.8,6,OP115
EQX1034,Crane,S003,2024-09-16,2024-10-18,2024-10-19,6.6,3.6,32,OP126
EQX1034,Crane,S004,2024-11-03,2024-12-17,2024-12-17,5.4,3.5,44,OP110
EQX1034,Crane,S008,2025-01-31,2025-02-22,2025-02-24,5.8,3.7,22,OP123
EQX1034,Crane,S014,2025-03-09,2025-04-21,2025-04-16,4.5,2.5,43,OP119
EQX1034,Crane,S014,2025-04-24,2025-05-08,2025-05-10,5.4,2.8,14,OP121
EQX1034,Crane,S008,2025-05-24,2025-06-20,2025-06-15,6.0,1.8,27,OP103
EQX1034,Crane,S003,2025-09-27,2025-11-14,2025-11-09,3.3,1.6,48,OP119
EQX1034,Crane,S011,2025-11-21,2025-11-30,2025-12-01,7.8,0.7,9,OP130
EQX1034,Crane,S013,2026-01-18,2026-02-03,2026-02-05,5.7,3.6,16,OP106
EQX1034,Crane,S006,2026-03-17,2026-04-26,2026-04-16,3.7,1.0,40,OP127
EQX1034,Crane,S009,2026-05-14,2026-06-03,2026-05-31,7.2,3.3,20,OP108
EQX1035,Bulldozer,S014,2024-03-30,2024-04-18,2024-04-18,10.5,1.5,19,OP105
EQX1035,Bulldozer,S009,2024-05-02,2024-05-19,2024-05-21,10.8,0.8,17,OP125
EQX1035,Bulldozer,S004,2024-05-25,2024-06-24,2024-06-26,5.8,0.8,30,OP110
EQX1035,Bulldozer,S001,2024-08-01,2024-08-29,2024-08-30,5.6,2.1,28,OP107
EQX1035,Bulldozer,S005,2024-09-02,2024-10-06,2024-10-06,5.1,0.7,34,OP122
EQX1035,Bulldozer,S006,2024-10-28,2024-11-28,2024-11-30,5.5,2.2,31,OP101
EQX1035,Bulldozer,S010,2024-12-19,2024-12-27,2024-12-29,8.0,0.6,8,OP108
EQX1035,Bulldozer,S001,2025-01-31,2025-02-12,2025-02-14,5.6,0.9,12,OP124
EQX1035,Bulldozer,S011,2025-03-09,2025-04-04,2025-04-05,6.1,1.2,26,OP104
EQX1035,Bulldozer,S002,2025-04-13,2025-05-07,2025-05-01,5.7,0.8,24,OP115
EQX1035,Bulldozer,S008,2025-06-01,2025-07-05,2025-06-29,7.3,1.4,34,OP104
EQX1035,Bulldozer,S004,2025-08-22,2025-09-08,2025-09-09,5.4,2.2,17,OP128
EQX1035,Bulldozer,S011,2025-10-02,2025-10-06,2025-10-07,7.4,1.5,4,OP104
EQX1035,Bulldozer,S012,2025-10-12,2025-10-29,2025-10-29,10.4,0.8,17,OP130
EQX1035,Bulldozer,S002,2025-11-07,2025-11-30,2025-12-01,10.0,2.0,23,OP108
EQX1035,Bulldozer,S006,2026-01-22,2026-02-20,2026-02-21,9.0,2.4,29,OP116
EQX1035,Bulldozer,S005,2026-03-11,2026-04-09,2026-04-09,8.0,1.8,29,OP116
EQX1035,Bulldozer,S003,2026-04-15,2026-05-17,2026-05-16,8.6,1.2,32,OP113
EQX1035,Bulldozer,S013,2026-06-08,2026-06-13,2026-06-15,9.8,0.9,5,OP116
EQX1036,Grader,S007,2024-03-18,2024-04-04,2024-04-04,4.9,1.4,17,OP115
EQX1036,Grader,S015,2024-04-08,2024-05-02,2024-05-03,4.0,1.6,24,OP123
EQX1036,Grader,S011,2024-05-17,2024-05-23,2024-05-24,7.1,1.9,6,OP118
EQX1036,Grader,S007,2024-05-31,2024-06-14,2024-06-16,7.1,2.4,14,OP120
EQX1036,Grader,S006,2024-06-18,2024-06-22,2024-06-23,7.5,0.6,4,OP126
EQX1036,Grader,S007,2024-07-05,2024-07-21,2024-07-22,3.3,1.1,16,OP112
EQX1036,Grader,S001,2024-09-10,2024-09-26,2024-09-23,5.0,1.7,16,OP118
EQX1036,Grader,S008,2024-10-17,2024-11-01,2024-11-03,3.1,1.3,15,OP119
EQX1036,Grader,S011,2024-11-14,2024-12-11,2024-12-13,5.0,1.8,27,OP107
EQX1036,Grader,S004,2024-12-24,2025-01-05,2025-01-06,6.8,2.9,12,OP116
EQX1036,Grader,S007,2025-01-25,2025-02-16,2025-02-06,4.4,2.4,22,OP126
EQX1036,Grader,S013,2025-03-09,2025-03-21,2025-03-23,5.9,1.0,12,OP117
EQX1036,Grader,S011,2025-04-13,2025-05-02,2025-05-03,4.9,1.5,19,OP118
EQX1036,Grader,S011,2025-05-21,2025-06-18,2025-06-18,6.1,1.0,28,OP123
EQX1036,Grader,S012,2026-01-25,2026-02-12,2026-02-12,7.6,2.6,18,OP122
EQX1036,Grader,S005,2026-03-26,2026-04-25,2026-04-25,6.6,1.5,30,OP122
EQX1036,Grader,S008,2026-05-04,2026-06-01,2026-06-02,8.9,1.6,28,OP118
EQX1036,Grader,S011,2026-06-10,2026-06-23,2026-06-18,4.1,2.6,13,OP118
EQX1037,Excavator,S011,2024-03-25,2024-04-23,2024-04-25,4.5,2.9,29,OP129
EQX1037,Excavator,S011,2024-04-30,2024-06-04,2024-06-06,7.5,2.4,35,OP127
EQX1037,Excavator,S003,2024-10-04,2024-10-24,2024-10-24,5.1,2.9,20,OP104
EQX1037,Excavator,S006,2024-11-15,2024-12-13,2024-12-13,6.5,2.2,28,OP118
EQX1037,Excavator,S001,2025-02-14,2025-02-24,2025-01-21,8.4,2.5,34,OP127
EQX1037,Excavator,S012,2025-03-20,2025-04-27,2025-04-29,9.4,2.2,38,OP112
EQX1037,Excavator,S015,2025-05-07,2025-06-12,2025-06-05,5.5,0.7,36,OP130
EQX1037,Excavator,S006,2025-06-22,2025-07-05,2025-07-07,8.9,2.1,13,OP129
EQX1037,Excavator,S012,2025-09-15,2025-10-15,2025-10-16,9.3,2.6,30,OP114
EQX1037,Excavator,S012,2025-11-09,2025-11-16,2025-11-18,7.3,1.3,7,OP127
EQX1037,Excavator,S003,2025-11-20,2025-12-04,2025-12-06,6.4,2.1,14,OP101
EQX1037,Excavator,S013,2025-12-09,2025-12-27,2025-12-29,9.1,2.2,18,OP105
EQX1037,Excavator,S002,2026-03-05,2026-03-30,2026-03-30,6.2,1.5,25,OP114
EQX1037,Excavator,S010,2026-04-20,2026-04-24,2026-04-26,5.4,0.7,4,OP121
EQX1037,Excavator,S007,2026-05-05,2026-05-30,2026-05-20,5.6,0.7,25,OP120
EQX1037,Excavator,S014,2026-06-20,2026-07-27,2026-07-28,7.0,1.1,37,OP122
EQX1038,Crane,S012,2024-02-01,2024-02-20,2024-02-21,3.9,1.1,19,OP122
EQX1038,Crane,S015,2024-02-23,2024-03-16,2024-03-17,4.8,2.9,22,OP108
EQX1038,Crane,S011,2024-03-19,2024-04-14,2024-04-15,6.6,3.0,26,OP107
EQX1038,Crane,S015,2024-04-25,2024-06-12,2024-06-06,5.4,1.7,48,OP108
EQX1038,Crane,S005,2024-09-08,2024-09-30,2024-10-01,6.4,1.0,22,OP113
EQX1038,Crane,S015,2024-10-04,2024-10-26,2024-10-27,7.4,1.0,22,OP111
EQX1038,Crane,S003,2024-11-14,2024-12-08,2024-12-07,7.4,3.4,24,OP116
EQX1038,Crane,S009,2024-12-24,2025-01-15,2025-01-16,5.2,1.1,22,OP111
EQX1038,Crane,S001,2025-03-27,2025-05-04,2025-05-01,3.9,2.1,38,OP108
EQX1038,Crane,S012,2025-05-21,2025-07-04,2025-06-28,5.4,2.2,44,OP118
EQX1038,Crane,S003,2025-07-11,2025-07-22,2025-07-23,3.8,2.3,11,OP127
EQX1038,Crane,S004,2025-09-22,2025-11-04,2025-11-04,5.5,0.8,43,OP125
EQX1038,Crane,S015,2025-11-16,2025-11-28,2025-11-30,7.2,1.0,12,OP104
EQX1038,Crane,S006,2026-02-13,2026-02-21,2026-02-22,8.0,3.7,8,OP124
EQX1038,Crane,S006,2026-02-28,2026-03-09,2026-03-10,3.3,0.7,9,OP126
EQX1038,Crane,S002,2026-03-24,2026-04-15,2026-04-16,7.3,1.1,22,OP101
EQX1038,Crane,S013,2026-04-27,2026-05-12,2026-05-13,6.7,3.7,15,OP114
EQX1038,Crane,S004,2026-06-03,2026-06-14,2026-06-16,5.2,1.9,11,OP116
EQX1038,Crane,S010,2026-07-06,,2026-08-09,1.2,10.1,34,OP106
EQX1039,Bulldozer,S007,2024-03-01,2024-03-30,2024-03-22,10.4,1.5,29,OP103
EQX1039,Bulldozer,S007,2024-04-06,2024-04-18,2024-04-20,8.4,1.6,12,OP110
EQX1039,Bulldozer,S011,2024-05-07,2024-05-24,2024-05-25,8.4,1.0,17,OP124
EQX1039,Bulldozer,S003,2024-05-29,2024-06-11,2024-06-03,6.1,1.3,13,OP126
EQX1039,Bulldozer,S008,2024-07-06,2024-07-27,2024-07-29,9.8,1.2,21,OP120
EQX1039,Bulldozer,S005,2024-08-04,2024-08-09,2024-08-11,0.0,1.4,5,OP128
EQX1039,Bulldozer,S012,2024-08-24,2024-09-02,2024-09-03,10.2,2.4,9,OP113
EQX1039,Bulldozer,S012,2024-09-20,2024-10-20,2024-10-21,10.8,1.9,30,OP122
EQX1039,Bulldozer,S012,2024-10-25,2024-10-30,2024-10-30,10.2,0.9,5,OP107
EQX1039,Bulldozer,S004,2024-11-22,2024-12-21,2024-12-23,6.8,1.4,29,OP103
EQX1039,Bulldozer,S008,2024-12-24,2025-01-24,2025-01-26,7.8,2.2,31,OP116
EQX1039,Bulldozer,S006,2025-02-02,2025-03-05,2025-03-05,5.6,2.2,31,OP101
EQX1039,Bulldozer,S001,2025-04-23,2025-05-20,2025-05-21,7.4,1.5,27,OP116
EQX1039,Bulldozer,S007,2025-07-20,2025-08-17,2025-08-16,6.9,0.6,28,OP119
EQX1039,Bulldozer,S012,2025-09-15,2025-10-19,2025-10-20,5.1,1.1,34,OP114
EQX1039,Bulldozer,S006,2025-11-02,2025-11-21,2025-11-23,8.6,2.2,19,OP130
EQX1039,Bulldozer,S006,2026-02-09,2026-03-14,2026-03-16,7.8,2.4,33,OP126
EQX1039,Bulldozer,S003,2026-03-23,2026-04-28,2026-04-20,6.2,1.7,36,OP106
EQX1039,Bulldozer,S006,2026-06-08,2026-06-19,2026-06-19,6.6,1.9,11,OP129
EQX1039,Bulldozer,S010,2026-07-08,2026-07-15,2026-07-15,5.7,0.9,7,OP108
EQX1040,Grader,S005,2024-01-26,2024-01-29,2024-01-31,3.9,2.2,3,OP129
EQX1040,Grader,S013,2024-02-22,2024-02-26,2024-02-27,8.8,2.4,4,OP115
EQX1040,Grader,S009,2024-03-19,2024-03-26,2024-03-26,4.0,0.8,7,OP104
EQX1040,Grader,S008,2024-04-09,2024-04-20,2024-04-22,8.2,0.9,11,OP124
EQX1040,Grader,S013,2024-04-27,2024-05-06,2024-05-07,3.0,2.6,9,OP125
EQX1040,Grader,S013,2024-05-18,2024-05-22,2024-05-24,5.2,2.2,4,OP114
EQX1040,Grader,S007,2024-06-10,2024-06-20,2024-06-21,5.5,1.6,10,OP130
EQX1040,Grader,S012,2024-07-14,2024-07-18,2024-07-18,6.1,0.7,4,OP126
EQX1040,Grader,S015,2024-08-17,2024-08-31,2024-09-02,3.9,1.9,14,OP121
EQX1040,Grader,S012,2024-11-02,2024-11-13,2024-11-15,8.2,2.3,11,OP118
EQX1040,Grader,S015,2024-11-27,2024-12-07,2024-12-09,7.2,1.6,10,OP105
EQX1040,Grader,S013,2025-02-26,2025-03-26,2025-03-27,8.3,0.7,28,OP107
EQX1040,Grader,S009,2025-04-10,2025-05-05,2025-05-07,4.3,1.8,25,OP110
EQX1040,Grader,S010,2025-05-18,2025-06-05,2025-05-27,4.4,2.4,18,OP109
EQX1040,Grader,S011,2025-06-24,2025-06-28,2025-06-29,5.1,0.6,4,OP117
EQX1040,Grader,S006,2025-07-04,2025-07-25,2025-07-26,7.8,3.0,21,OP108
EQX1040,Grader,S013,2025-09-23,2025-10-06,2025-10-08,7.3,2.2,13,OP127
EQX1040,Grader,S004,2025-10-25,2025-10-30,2025-11-01,7.7,1.6,5,OP127
EQX1040,Grader,S004,2025-11-27,2025-12-13,2025-12-14,3.5,2.2,16,OP115
EQX1040,Grader,S014,2026-04-17,2026-05-05,2026-05-06,3.9,0.8,18,OP106
EQX1040,Grader,S003,2026-06-20,2026-07-06,2026-07-08,5.2,2.9,16,OP118
EQX1041,Excavator,S002,2024-01-04,2024-01-30,2024-01-27,5.8,1.4,26,OP112
EQX1041,Excavator,S003,2024-03-10,2024-04-03,2024-04-03,8.4,0.5,24,OP127
EQX1041,Excavator,S010,2024-04-08,2024-05-08,2024-05-09,9.4,2.5,30,OP115
EQX1041,Excavator,S013,2024-05-30,2024-06-11,2024-06-12,8.0,0.9,12,OP115
EQX1041,Excavator,S011,2024-08-08,2024-09-07,2024-09-07,6.7,1.2,30,OP129
EQX1041,Excavator,S011,2024-09-15,2024-10-09,2024-10-09,4.5,2.9,24,OP118
EQX1041,Excavator,S002,2024-11-08,2024-12-13,2024-12-13,0.0,0.9,35,OP122
EQX1041,Excavator,S010,2024-12-22,2025-02-02,2025-01-24,6.4,0.6,42,OP111
EQX1041,Excavator,S006,2025-02-05,2025-02-19,2025-02-21,5.5,0.8,14,OP113
EQX1041,Excavator,S003,2025-02-27,2025-03-15,2025-03-15,9.7,2.2,16,OP110
EQX1041,Excavator,S006,2025-03-28,2025-04-05,2025-04-05,6.5,1.3,8,OP105
EQX1041,Excavator,S004,2025-04-11,2025-04-29,2025-05-01,7.1,1.8,18,OP116
EQX1041,Excavator,S008,2025-05-10,2025-06-13,2025-06-13,6.4,1.1,34,OP101
EQX1041,Excavator,S011,2025-06-24,2025-07-03,2025-07-05,4.8,1.9,9,OP126
EQX1041,Excavator,S007,2025-09-20,2025-10-03,2025-10-05,7.3,0.6,13,OP130
EQX1041,Excavator,S005,2025-10-25,2025-11-17,2025-11-09,5.5,2.2,23,OP120
EQX1041,Excavator,S012,2025-12-10,2026-01-16,2026-01-16,7.4,1.3,37,OP118
EQX1041,Excavator,S011,2026-03-30,2026-04-23,2026-04-24,9.9,2.3,24,OP109
EQX1041,Excavator,S011,2026-06-06,2026-07-05,2026-07-02,4.0,1.7,29,OP130
EQX1042,Crane,S002,2024-01-06,2024-02-11,2024-02-13,7.4,2.8,36,OP126
EQX1042,Crane,S014,2024-03-06,2024-03-19,2024-03-20,4.8,1.1,13,OP120
EQX1042,Crane,S012,2024-04-26,2024-05-15,2024-05-15,6.8,2.9,19,OP101
EQX1042,Crane,S004,2024-05-24,2024-06-19,2024-06-19,7.8,0.6,26,OP116
EQX1042,Crane,S010,2024-07-30,2024-09-05,2024-08-31,5.5,2.4,37,OP117
EQX1042,Crane,S010,2024-09-26,2024-11-10,2024-11-10,6.7,0.9,45,OP105
EQX1042,Crane,S007,2025-03-20,2025-05-01,2025-05-01,6.4,2.8,42,OP121
EQX1042,Crane,S009,2025-05-14,2025-06-14,2025-06-16,0.6,12.3,31,OP115
EQX1042,Crane,S006,2025-06-30,2025-07-31,2025-07-27,7.4,3.3,31,OP103
EQX1042,Crane,S011,2025-10-11,2025-10-28,2025-10-28,3.5,2.2,17,OP121
EQX1042,Crane,S004,2025-12-27,2026-01-18,2026-01-19,7.2,3.4,22,OP111
EQX1042,Crane,S008,2026-03-03,2026-04-05,2026-04-07,3.6,3.9,33,OP119
EQX1042,Crane,S015,2026-04-20,2026-05-01,2026-05-01,5.2,1.6,11,OP126
EQX1042,Crane,S014,2026-05-06,2026-05-15,2026-05-16,5.0,2.7,9,OP113
EQX1042,Crane,S007,2026-07-05,,2026-08-05,6.1,0.9,31,OP129
EQX1043,Bulldozer,S002,2024-01-26,2024-02-16,2024-02-16,5.1,1.9,21,OP104
EQX1043,Bulldozer,S012,2024-03-10,2024-03-22,2024-03-23,7.7,1.0,12,OP120
EQX1043,Bulldozer,S013,2024-03-26,2024-04-16,2024-04-18,6.9,2.3,21,OP112
EQX1043,Bulldozer,S001,2024-04-23,2024-05-16,2024-05-17,8.5,1.9,23,OP117
EQX1043,Bulldozer,S013,2024-07-24,2024-08-04,2024-08-04,7.0,1.8,11,OP103
EQX1043,Bulldozer,S015,2024-11-06,2024-11-20,2024-11-21,10.5,1.5,14,OP126
EQX1043,Bulldozer,S004,2024-12-13,2024-12-25,2024-12-25,9.4,2.4,12,OP116
EQX1043,Bulldozer,S006,2025-01-09,2025-01-19,2025-01-19,5.4,0.6,10,OP101
EQX1043,Bulldozer,S004,2025-03-02,2025-03-31,2025-03-31,6.7,0.9,29,OP107
EQX1043,Bulldozer,S001,2025-04-08,2025-04-30,2025-04-30,0.0,2.3,22,OP106
EQX1043,Bulldozer,S006,2025-05-24,2025-06-18,2025-06-18,6.3,1.4,25,OP130
EQX1043,Bulldozer,S015,2025-08-11,2025-09-09,2025-09-10,5.4,0.8,29,OP123
EQX1043,Bulldozer,S010,2025-10-05,2025-10-21,2025-09-18,10.9,1.0,16,OP114
EQX1043,Bulldozer,S006,2025-11-12,2025-12-14,2025-12-14,5.3,2.1,32,OP108
EQX1043,Bulldozer,S013,2026-02-09,2026-03-17,2026-03-09,8.7,0.8,36,OP122
EQX1043,Bulldozer,S003,2026-04-09,2026-04-24,2026-04-25,9.3,1.6,15,OP111
EQX1043,Bulldozer,S011,2026-05-12,2026-06-02,2026-06-04,6.2,2.3,21,OP102
EQX1043,Bulldozer,S010,2026-06-12,2026-06-25,2026-06-26,10.6,1.2,13,OP106
EQX1044,Grader,S013,2024-03-16,2024-04-02,2024-04-03,4.9,1.5,17,OP116
EQX1044,Grader,S005,2024-04-12,2024-04-18,2024-04-18,6.0,1.9,6,OP127
EQX1044,Grader,S001,2024-04-29,2024-05-12,2024-05-06,4.2,1.0,13,OP118
EQX1044,Grader,S004,2024-05-24,2024-06-20,2024-06-21,6.6,0.8,27,OP123
EQX1044,Grader,S013,2024-08-23,2024-09-19,2024-09-20,8.7,2.6,27,OP113
EQX1044,Grader,S014,2024-09-22,2024-10-12,2024-10-12,4.4,2.3,20,OP113
EQX1044,Grader,S012,2024-10-22,2024-11-19,2024-11-20,5.8,2.5,28,OP127
EQX1044,Grader,S008,2024-11-28,2024-12-23,2024-12-24,6.4,1.4,25,OP128
EQX1044,Grader,S006,2024-12-30,2025-02-01,2025-01-26,5.5,2.2,33,OP108
EQX1044,Grader,S003,2025-03-18,2025-04-09,2025-04-09,6.4,2.5,22,OP111
EQX1044,Grader,S002,2025-04-30,2025-05-15,2025-05-16,5.3,1.7,15,OP118
EQX1044,Grader,S011,2025-06-01,2025-06-16,2025-06-14,4.1,2.6,15,OP118
EQX1044,Grader,S005,2025-06-19,2025-06-24,2025-06-25,4.4,2.1,5,OP107
EQX1044,Grader,S007,2025-06-28,2025-07-01,2025-07-02,8.9,0.8,3,OP106
EQX1044,Grader,S005,2025-07-06,2025-07-16,2025-07-16,7.9,2.2,10,OP114
EQX1044,Grader,S004,2025-09-03,2025-09-28,2025-09-29,8.9,1.6,25,OP101
EQX1044,Grader,S015,2025-10-20,2025-11-07,2025-11-09,5.8,1.9,18,OP116
EQX1044,Grader,S013,2025-11-19,2025-12-05,2025-12-07,5.3,2.6,16,OP110
EQX1044,Grader,S007,2025-12-21,2026-01-12,2026-01-13,7.0,2.2,22,OP130
EQX1044,Grader,S015,2026-03-10,2026-04-01,2026-04-03,7.2,2.3,22,OP103
EQX1044,Grader,S002,2026-04-19,2026-05-16,2026-05-17,3.6,2.4,27,OP125
EQX1044,Grader,S001,2026-06-02,2026-06-11,2026-06-12,6.8,2.2,9,OP103
EQX1044,Grader,S005,2026-06-24,2026-07-04,2026-07-04,7.3,0.8,10,OP104
EQX1045,Excavator,S014,2024-03-09,2024-03-31,2024-03-31,7.6,0.9,22,OP101
EQX1045,Excavator,S008,2024-04-15,2024-04-20,2024-04-20,5.1,2.3,5,OP112
EQX1045,Excavator,S011,2024-05-10,2024-05-16,2024-05-18,8.3,2.7,6,OP122
EQX1045,Excavator,S013,2024-05-28,2024-06-09,2024-06-02,9.6,1.4,12,OP107
EQX1045,Excavator,S014,2024-06-14,2024-06-19,2024-06-20,8.1,0.7,5,OP107
EQX1045,Excavator,S006,2024-09-02,2024-10-02,2024-10-03,7.8,2.1,30,OP118
EQX1045,Excavator,S001,2024-10-30,2024-11-10,2024-11-10,7.9,0.5,11,OP113
EQX1045,Excavator,S001,2024-11-20,2024-12-11,2024-12-12,9.3,1.5,21,OP103
EQX1045,Excavator,S006,2025-03-24,2025-04-12,2025-04-14,8.2,2.2,19,OP121
EQX1045,Excavator,S006,2025-05-07,2025-05-21,2025-05-23,0.0,0.7,14,OP128
EQX1045,Excavator,S009,2025-06-11,2025-07-18,2025-07-18,0.0,0.5,37,OP119
EQX1045,Excavator,S002,2025-07-24,2025-08-23,2025-08-25,4.8,1.7,30,OP102
EQX1045,Excavator,S010,2025-09-07,2025-09-12,2025-09-14,8.4,1.3,5,OP115
EQX1045,Excavator,S011,2025-10-05,2025-10-11,2025-10-12,5.7,0.6,6,OP127
EQX1045,Excavator,S004,2025-10-24,2025-11-09,2025-11-11,8.1,2.3,16,OP126
EQX1045,Excavator,S002,2025-12-10,2025-12-10,2025-11-24,6.9,2.9,16,OP128
EQX1045,Excavator,S004,2025-12-31,2026-02-09,2026-02-09,4.5,2.3,40,OP117
EQX1045,Excavator,S005,2026-02-18,2026-03-05,2026-03-06,6.7,2.1,15,OP119
EQX1045,Excavator,S008,2026-03-23,2026-04-20,2026-04-20,6.5,2.0,28,OP115
EQX1045,Excavator,S007,2026-04-27,2026-06-08,2026-06-01,4.5,2.8,42,OP128
EQX1045,Excavator,S005,2026-06-28,2026-07-13,2026-07-14,5.7,1.9,15,OP115
EQX1046,Crane,S012,2024-01-21,2024-02-18,2024-02-09,4.9,1.9,28,OP124
EQX1046,Crane,S002,2024-03-25,2024-04-18,2024-04-20,7.4,4.0,24,OP114
EQX1046,Crane,S006,2024-05-09,2024-06-10,2024-06-12,6.5,2.7,32,OP117
EQX1046,Crane,S008,2024-06-14,2024-07-18,2024-07-18,7.6,1.8,34,OP102
EQX1046,Crane,S003,2024-08-20,2024-10-02,2024-10-04,4.2,2.5,43,OP109
EQX1046,Crane,S007,2024-10-10,2024-10-21,2024-10-22,5.9,3.7,11,OP123
EQX1046,Crane,S012,2024-10-30,2024-11-15,2024-11-16,5.5,2.4,16,OP110
EQX1046,Crane,S014,2024-12-06,2025-01-06,2025-01-08,3.5,2.5,31,OP103
EQX1046,Crane,S012,2025-01-13,2025-02-01,2025-02-02,3.0,1.1,19,OP110
EQX1046,Crane,S005,2025-02-07,2025-03-10,2025-03-12,5.2,1.1,31,OP124
EQX1046,Crane,S008,2025-03-17,2025-04-04,2025-04-04,7.1,1.1,18,OP119
EQX1046,Crane,S008,2025-04-12,2025-04-30,2025-05-01,7.6,0.9,18,OP121
EQX1046,Crane,S006,2025-05-05,2025-06-05,2025-06-05,5.9,2.2,31,OP101
EQX1046,Crane,S011,2025-06-11,2025-07-05,2025-07-05,6.9,0.6,24,OP119
EQX1046,Crane,S015,2025-07-08,2025-08-16,2025-08-17,5.4,1.7,39,OP116
EQX1046,Crane,S010,2025-10-25,2025-11-23,2025-11-24,7.9,3.6,29,OP102
EQX1046,Crane,S001,2025-11-26,2025-12-28,2025-12-28,3.6,2.4,32,OP120
EQX1046,Crane,S004,2026-01-07,2026-02-11,2026-02-13,7.9,3.9,35,OP101
EQX1046,Crane,S010,2026-03-23,2026-04-19,2026-04-19,5.0,2.6,27,OP116
EQX1047,Bulldozer,S009,2024-04-01,2024-04-20,2024-04-22,5.8,2.1,19,OP102
EQX1047,Bulldozer,S008,2024-06-20,2024-07-23,2024-07-23,8.2,1.0,33,OP122
EQX1047,Bulldozer,S015,2024-08-29,2024-10-01,2024-09-25,9.6,0.9,33,OP113
EQX1047,Bulldozer,S012,2024-11-19,2024-11-26,2024-11-28,5.5,1.9,7,OP116
EQX1047,Bulldozer,S012,2025-01-15,2025-01-28,2025-01-30,9.4,1.8,13,OP124
EQX1047,Bulldozer,S006,2025-03-02,2025-03-18,2025-03-16,8.6,0.9,16,OP124
EQX1047,Bulldozer,S010,2025-04-08,2025-05-09,2025-05-10,5.0,0.6,31,OP124
EQX1047,Bulldozer,S002,2025-08-22,2025-09-17,2025-09-17,5.1,2.2,26,OP113
EQX1047,Bulldozer,S012,2025-10-24,2025-11-02,2025-11-02,1.3,9.9,9,OP122
EQX1047,Bulldozer,S011,2025-11-27,2025-12-28,2025-12-29,6.3,1.1,31,OP127
EQX1047,Bulldozer,S015,2026-01-21,2026-02-15,2026-02-17,6.4,2.0,25,OP126
EQX1047,Bulldozer,S001,2026-03-28,2026-04-28,2026-04-28,7.4,1.3,31,OP118
EQX1047,Bulldozer,S005,2026-05-12,2026-06-03,2026-05-29,10.5,1.9,22,OP123
EQX1047,Bulldozer,S014,2026-06-09,2026-07-08,2026-07-08,9.3,1.4,29,OP130
EQX1048,Grader,S001,2024-02-19,2024-03-15,2024-03-17,7.4,1.9,25,OP112
EQX1048,Grader,S015,2024-03-22,2024-04-08,2024-04-08,3.6,2.9,17,OP102
EQX1048,Grader,S007,2024-04-12,2024-04-30,2024-05-02,1.2,9.4,18,OP105
EQX1048,Grader,S013,2024-05-25,2024-06-02,2024-06-03,8.9,2.2,8,OP123
EQX1048,Grader,S001,2024-07-19,2024-08-11,2024-08-12,3.7,0.8,23,OP104
EQX1048,Grader,S008,2024-08-30,2024-09-19,2024-09-21,7.2,0.7,20,OP109
EQX1048,Grader,S010,2024-10-04,2024-10-27,2024-10-28,3.6,0.7,23,OP105
EQX1048,Grader,S009,2024-11-16,2024-12-15,2024-12-16,6.2,2.5,29,OP127
EQX1048,Grader,S015,2025-03-06,2025-04-01,2025-04-03,4.1,2.0,26,OP104
EQX1048,Grader,S010,2025-04-21,2025-05-05,2025-05-05,6.9,0.7,14,OP107
EQX1048,Grader,,2025-05-09,2025-05-15,2025-05-16,5.5,2.9,6,
EQX1048,Grader,S011,2025-05-27,2025-06-15,2025-06-16,5.7,1.9,19,OP118
EQX1048,Grader,S004,2025-08-20,2025-08-27,2025-08-27,4.1,1.2,7,OP102
EQX1048,Grader,S003,2025-09-03,2025-09-12,2025-09-13,6.7,0.7,9,OP124
EQX1048,Grader,S005,2025-09-27,2025-10-06,2025-10-06,5.6,2.2,9,OP122
EQX1048,Grader,S011,2025-10-11,2025-10-21,2025-10-23,7.3,1.9,10,OP107
EQX1048,Grader,S013,2025-11-09,2025-11-25,2025-11-26,5.3,2.9,16,OP114
EQX1048,Grader,S002,2025-12-06,2025-12-12,2025-12-13,6.8,1.4,6,OP111
EQX1048,Grader,S002,2025-12-23,2026-01-21,2026-01-21,8.9,1.1,29,OP113
EQX1048,Grader,S014,2026-01-27,2026-02-21,2026-02-23,5.9,1.8,25,OP126
EQX1048,Grader,S003,2026-03-05,2026-03-29,2026-03-28,8.7,1.5,24,OP111
EQX1048,Grader,S008,2026-04-22,2026-05-12,2026-05-13,3.8,0.5,20,OP119
EQX1048,Grader,S005,2026-05-19,2026-05-25,2026-05-27,8.5,2.1,6,OP102
EQX1048,Grader,S008,2026-06-04,2026-06-21,2026-06-21,7.8,1.8,17,OP112
EQX1049,Excavator,S013,2024-02-15,2024-02-24,2024-02-25,9.1,2.1,9,OP111
EQX1049,Excavator,S015,2024-03-20,2024-03-28,2024-03-30,8.9,0.5,8,OP116
EQX1049,Excavator,S011,2024-04-21,2024-05-02,2024-05-04,9.3,2.2,11,OP122
EQX1049,Excavator,S009,2024-05-24,2024-05-27,2024-05-29,6.1,3.0,3,OP124
EQX1049,Excavator,S011,2024-06-15,2024-06-22,2024-06-22,9.3,1.8,7,OP130
EQX1049,Excavator,S007,2024-06-27,2024-07-10,2024-07-10,6.3,1.4,13,OP116
EQX1049,Excavator,,2024-08-03,2024-09-11,2024-09-11,6.9,1.2,39,
EQX1049,Excavator,S009,2024-10-04,2024-10-20,2024-10-22,9.4,2.8,16,OP127
EQX1049,Excavator,S005,2024-11-07,2024-11-11,2024-11-12,4.6,1.4,4,OP112
EQX1049,Excavator,S002,2024-11-26,2024-12-07,2024-12-07,7.1,0.9,11,OP117
EQX1049,Excavator,S006,2024-12-25,2025-01-14,2025-01-15,6.2,2.7,20,OP110
EQX1049,Excavator,S003,2025-01-25,2025-02-26,2025-02-27,6.1,1.6,32,OP105
EQX1049,Excavator,S007,2025-03-23,2025-04-09,2025-04-09,8.5,2.8,17,OP114
EQX1049,Excavator,S009,2025-04-18,2025-05-18,2025-05-10,8.8,2.3,30,OP116
EQX1049,Excavator,,2025-06-02,2025-07-01,2025-07-01,4.8,1.4,29,
EQX1049,Excavator,S012,2025-07-25,2025-08-18,2025-08-20,6.6,1.2,24,OP101
EQX1049,Excavator,S004,2025-09-03,2025-09-17,2025-09-17,8.6,2.7,14,OP109
EQX1049,Excavator,S013,2025-09-27,2025-10-27,2025-10-29,4.6,2.3,30,OP126
EQX1049,Excavator,S004,2025-12-17,2025-12-29,2025-12-30,4.9,0.5,12,OP130
EQX1049,Excavator,S004,2026-01-02,2026-02-07,2026-02-09,6.0,1.7,36,OP108
EQX1049,Excavator,S006,2026-03-14,2026-03-25,2026-03-02,6.5,1.3,11,OP123
EQX1049,Excavator,S005,2026-03-29,2026-04-22,2026-04-23,7.6,1.6,24,OP130
EQX1049,Excavator,S011,2026-05-10,2026-06-04,2026-06-03,8.6,0.8,25,OP118
EQX1049,Excavator,S011,2026-06-18,2026-07-26,2026-07-26,5.3,1.5,38,OP109
EQX1050,Crane,S015,2024-02-03,2024-02-21,2024-02-22,3.4,2.4,18,OP104
EQX1050,Crane,S007,2024-03-26,2024-04-15,2024-04-11,6.6,3.6,20,OP118
EQX1050,Crane,S008,2024-06-12,2024-06-26,2024-06-26,5.6,3.8,14,OP114
EQX1050,Crane,S012,2024-08-24,2024-10-10,2024-10-06,5.0,2.9,47,OP127
EQX1050,Crane,S007,2024-10-15,2024-11-22,2024-11-23,4.4,1.1,38,OP120
EQX1050,Crane,S009,2025-03-08,2025-03-28,2025-03-29,3.9,0.7,20,OP104
EQX1050,Crane,S014,2025-04-01,2025-04-24,2025-04-25,3.3,3.9,23,OP126
EQX1050,Crane,S010,2025-05-03,2025-05-08,2025-05-10,4.6,3.8,5,OP112
EQX1050,Crane,S006,2025-05-19,2025-06-20,2025-06-21,6.1,0.5,32,OP102
EQX1050,Crane,S002,2025-07-01,2025-07-07,2025-07-09,6.7,1.8,6,OP124
EQX1050,Crane,S004,2025-08-26,2025-09-29,2025-09-30,6.1,3.5,34,OP119
EQX1050,Crane,S002,2025-10-16,2025-11-18,2025-11-19,3.9,1.1,33,OP116
EQX1050,Crane,S005,2025-11-27,2025-12-15,2025-12-15,7.4,3.4,18,OP106
EQX1050,Crane,S015,2025-12-24,2026-01-03,2026-01-04,7.9,0.9,10,OP121
EQX1050,Crane,S015,2026-01-28,2026-02-09,2026-02-11,3.7,3.2,12,OP102
EQX1050,Crane,S009,2026-03-04,2026-03-11,2026-03-11,7.1,3.5,7,OP124
EQX1050,Crane,S005,2026-03-18,2026-04-30,2026-04-30,5.4,1.4,43,OP111
EQX1050,Crane,S002,2026-05-11,2026-05-26,2026-05-25,4.5,2.3,15,OP118
EQX1050,Crane,S007,2026-06-02,2026-06-30,2026-06-23,4.8,1.5,28,OP105
